Index,Actual,Predicted,EPM_ProductionControlItemID,EPM_InstanceNumber,Assembly_MainPartLengthFt,Assembly_WeightEachLbs,Assembly_TotalQuantityInJob,Assembly_NumSmallParts,TimeInSeconds_ThisWorkSegment,Assembly_EstTotalSeconds_ThisLaborGroup,Difference,Assembly_MainPieceProductionCode,Assembly_MainPartShape,Assembly_MainPartDimension,Assembly_MainPartFinishDescr,EPM_AdjustedStationName
2912,6718,6707.8,767639,1,33.99,4309.86,1,4,6718,9300.744,10.199999999999818,BEAM,W,30 x 124,N - No Paint,Weld
6164,2,2.0,816133,1,29.66,1164.844,1,8,2,8368.632000000001,0.0,COLUMN,W,10 x 39,"D - Steel, Paint All",Material Handling
1063,2899,2895.2,899391,3,15.35,499.834,7,2,2899,8727.119999999999,3.800000000000182,BEAM,W,14 x 22,"D - Steel, Paint All",Fab/Layout
6444,8,8.0,796250,1,29.87,8125.361,1,42,8,47083.175999999985,0.0,COLUMN,W,14 x 68,"DS - Special Case/Steel, Paint All",Material Handling
1052,5,5.0,898092,1,8.36,659.936,1,56,5,18592.848,0.0,STRINGER,MC,12 x 14.3,"D - Steel, Paint All",Material Handling
3340,4672,4664.43,768436,1,16.45,1777.961,1,11,4672,51811.848,7.569999999999709,COLUMN,W,12 x 72,N - No Paint,Fab/Layout
3815,677,674.31,769274,3,10.0,175.012,8,6,677,711.252,2.6900000000000546,BENT PLATE,PL,3/8 x 11 1/4,N - No Paint,Weld
4461,7539,7534.88,776783,1,14.06,71.091,1,75,7539,16719.696000000004,4.119999999999891,RAIL,PI,1 1/4SCH40,"D - Steel, Paint All",Weld
2965,3444,3434.78,767695,1,11.46,1245.157,1,1,3444,3090.312,9.2199999999998,BEAM,W,30 x 108,N - No Paint,Fab/Layout
3234,0,0.0,768144,1,12.27,512.397,1,1,0,2585.952,0.0,BEAM,W,12 x 22,N - No Paint,Material Handling
2470,2689,2688.36,903459,1,13.18,50.454,1,6,2689,3021.768,0.6399999999998727,RAIL,PI,1 1/4SCH40,"D - Steel, Paint All",Fab/Layout
2464,1529,1524.96,903444,1,4.48,109.018,1,3,1529,339.048,4.039999999999964,CHANNEL,C,12 x 20.7,"D - Steel, Paint All",Weld
2920,1708,1708.38,767651,1,33.38,3654.77,1,7,1708,7200.0,-0.38000000000010914,BEAM,W,30 x 108,N - No Paint,Beam Cambering
3087,31074,31603.92,767871,3,29.0,6741.868,6,54,31074,28305.719999999987,-529.9199999999983,BEAM,W,10 x 77,N - No Paint,Weld
5260,2,2.0,771179,1,31.06,1657.202,1,20,2,8208.648000000001,0.0,COLUMN,W,12 x 53,"D - Steel, Paint All",Material Handling
3175,1805,1802.37,767965,1,33.38,1868.165,1,5,1805,15795.504,2.630000000000109,BEAM,W,24 x 55,N - No Paint,Fab/Layout
3956,1495,1506.02,769383,1,11.23,228.296,1,5,1495,2788.128,-11.019999999999982,BENT PLATE,PL,3/8 x 14 3/4,N - No Paint,Fab/Layout
6407,3790,3780.21,795363,1,12.34,171.605,10,4,3790,2502.4139999999998,9.789999999999964,CHANNEL,C,10 x 15.3,"D - Steel, Paint All",Weld
2519,6,6.0,903576,1,13.78,1184.854,1,83,6,21927.92399999999,0.0,STRINGER,C,12 x 20.7,"D - Steel, Paint All",Material Handling
3910,6,6.0,769344,3,10.0,187.284,7,6,6,777.985714285714,0.0,BENT PLATE,PL,3/8 x 13 1/4,N - No Paint,Material Handling
5827,3,3.0,802506,2,17.11,354.272,2,0,3,1945.152,0.0,CHANNEL,C,12 x 20.7,"D - Steel, Paint All",Material Handling
5111,40,39.91,770092,1,15.13,496.0,1,5,40,44587.223999999995,0.09000000000000341,BEAM,W,16 x 31,"B - Steel, No Paint Wide Flange Beam Tops",Material Handling
6324,21693,21935.44,795100,1,39.46,10218.197,1,7,21693,192896.92800000004,-242.4399999999987,BEAM,W,40 x 249,"DS - Special Case/Steel, Paint All",Fab/Layout
6020,1499,1502.71,810088,1,16.45,769.534,1,10,1499,16569.828,-3.7100000000000364,BEAM,W,18 x 40,"B - Steel, No Paint Wide Flange Beam Tops",Peddi Assembler
5886,201,201.45,802988,1,2.05,24.418,1,1,201,94.644,-0.44999999999998863,BENT PLATE,PL,1/4 x 13 1/2    §,"B - Steel, No Paint Wide Flange Beam Tops",Weld
4349,10,10.0,830358,1,4.37,38.314,2,2,10,240.543,0.0,ANGLE,L,5 x 3 1/2 x 1/4,N - No Paint,Material Handling
4296,524,521.98,782985,1,5.05,107.179,1,7,524,941.796,2.019999999999982,ANGLE,L,5 x 3 1/2 x 1/4,N - No Paint,Weld
5192,9726,9703.22,770754,1,31.32,1812.511,1,15,9726,15901.200000000003,22.780000000000655,BEAM,W,24 x 55,"D - Steel, Paint All",Weld
6675,2859,2864.6,797575,1,25.04,910.835,3,6,2859,17047.440000000002,-5.599999999999909,TUBE STEEL,HSS,10 x 4 x 0.375,"D - Steel, Paint All",Fab/Layout
6621,1793,1793.28,797433,1,17.64,244.635,1,6,1793,24855.84,-0.2799999999999727,TUBE STEEL,HSSR,6 5/8 x 0.188,"D - Steel, Paint All",Fab/Layout
3762,64,63.22,769250,6,10.0,306.043,8,6,64,8099.820000000001,0.7800000000000011,BENT PLATE,PL,3/8 x 21 1/4,N - No Paint,Material Handling
3698,4627,4628.6,769225,1,12.0,210.008,1,12,4627,25600.464,-1.6000000000003638,BENT PLATE,PL,3/8 x 10 3/4    §,N - No Paint,Fab/Layout
6184,334,331.3,823618,1,5.0,143.818,1,1,334,146.736,2.6999999999999886,BENT PLATE,PL,3/8 x 22 1/4,"D - Steel, Paint All",Weld
6205,16158,16252.42,786948,2,29.87,8197.542,2,42,16158,193792.17600000004,-94.42000000000007,COLUMN,W,14 x 68,"DS - Special Case/Steel, Paint All",Peddi Assembler
5904,5771,5774.6,803017,1,12.92,302.898,1,5,5771,4208.3279999999995,-3.600000000000364,PLATE,FB,1/4 x 6,"D - Steel, Paint All",Weld
3366,2983,2987.07,768593,1,10.59,317.585,1,7,2983,13231.8,-4.070000000000164,COLUMN,HSS,6 x 6 x 0.375,GF - Fabrication Req'd After Galvanizing,Fab/Layout
3699,0,0.0,769225,1,12.0,210.008,1,12,0,3436.56,0.0,BENT PLATE,PL,3/8 x 10 3/4    §,N - No Paint,Material Handling
969,6913,6896.42,897704,1,15.71,226.099,1,57,6913,8657.064,16.579999999999927,RAIL,PI,1 1/4SCH40,"D - Steel, Paint All",Weld
1043,450,448.53,898038,1,14.34,735.155,1,77,450,18545.148,1.4700000000000273,STRINGER,MC,12 x 14.3,"D - Steel, Paint All",Material Handling
3783,807,802.95,769266,1,10.0,219.853,1,5,807,2640.0240000000003,4.0499999999999545,BENT PLATE,PL,3/8 x 15 7/8,N - No Paint,Fab/Layout
6633,5697,5700.99,797435,4,17.64,244.635,4,6,5697,29049.885000000002,-3.9899999999997817,TUBE STEEL,HSSR,6 5/8 x 0.188,"D - Steel, Paint All",Fab/Layout
3362,173,171.88,768584,1,1.43,39.641,1,3,173,4412.5199999999995,1.1200000000000045,COLUMN,HSS,4 x 4 x 0.25,GF - Fabrication Req'd After Galvanizing,Fab/Layout
3102,8,8.0,767887,1,29.07,3170.502,1,4,8,4098.023999999999,0.0,BEAM,W,30 x 108,N - No Paint,Material Handling
6486,45,45.13,796856,1,19.31,2088.912,1,24,45,10427.975999999997,-0.13000000000000256,COLUMN,W,24 x 84,"DS - Special Case/Steel, Paint All",Material Handling
1024,15076,15084.19,897904,1,14.77,854.186,1,83,15076,312274.25999999983,-8.19000000000051,STRINGER,MC,12 x 14.3,"D - Steel, Paint All",Weld
3872,5135,5130.47,769316,1,10.15,212.349,1,6,5135,11087.28,4.529999999999745,BENT PLATE,PL,3/8 x 15 3/8,N - No Paint,Fab/Layout
3313,1198,1189.57,768207,1,15.69,710.561,1,1,1198,4330.08,8.430000000000064,BEAM,W,16 x 31,N - No Paint,Weld
3344,8,8.0,768464,1,16.46,1741.794,1,7,8,3603.4919999999997,0.0,COLUMN,W,12 x 79,N - No Paint,Material Handling
3315,38,38.18,768209,1,32.11,3504.106,1,5,38,4477.032,-0.17999999999999972,BEAM,W,30 x 108,N - No Paint,Material Handling
1201,6,6.0,899423,8,2.48,37.474,20,2,6,2573.4239999999995,0.0,COLUMN,HSS,6 x 3 x 0.25,"DS - Special Case/Steel, Paint All",Material Handling
3178,33800,33807.49,767970,1,25.54,2575.752,1,36,33800,136200.38400000002,-7.489999999997963,BEAM,W,30 x 90,N - No Paint,Fab/Layout
3382,3,3.0,768624,1,10.59,315.135,1,5,3,2932.3799999999997,0.0,COLUMN,HSS,6 x 6 x 0.375,GF - Fabrication Req'd After Galvanizing,Material Handling
6628,4,4.0,797435,2,17.64,244.635,4,6,4,5339.052000000001,0.0,TUBE STEEL,HSSR,6 5/8 x 0.188,"D - Steel, Paint All",Material Handling
2755,2876,2864.25,767498,1,30.98,2628.529,1,7,2876,4717.692,11.75,BEAM,W,27 x 84,N - No Paint,Weld
6484,10421,10410.19,796849,1,24.29,1253.181,1,26,10421,176622.48,10.80999999999949,COLUMN,W,16 x 26,"D - Steel, Paint All",Weld
6453,3990,3981.14,796510,1,23.13,928.806,3,14,3990,9802.511999999999,8.860000000000127,COLUMN,W,16 x 26,"DS - Special Case/Steel, Paint All",Weld
3933,27,27.0,769355,1,10.0,311.776,1,9,27,5261.472000000001,0.0,BENT PLATE,PL,3/8 x 21 3/4,N - No Paint,Material Handling
6421,1865,1864.31,795375,1,19.51,290.346,1,5,1865,1325.0520000000001,0.6900000000000546,CHANNEL,C,10 x 15.3,"D - Steel, Paint All",Weld
702,5947,5935.74,792616,1,20.79,669.954,1,4,5947,36372.024,11.260000000000218,BEAM,W,14 x 22,"D - Steel, Paint All",Fab/Layout
6289,9,9.0,794799,1,38.25,1286.168,1,3,9,14806.511999999999,0.0,BEAM,W,10 x 33,"D - Steel, Paint All",Material Handling
2961,103,100.61,767690,1,10.99,1202.188,1,2,103,1607.4360000000001,2.3900000000000006,BEAM,W,30 x 108,N - No Paint,Weld
5121,5,5.0,770115,1,14.77,348.946,1,6,5,3665.6279999999997,0.0,BEAM,W,14 x 22,"D - Steel, Paint All",Material Handling
682,1644,1642.15,792513,1,9.15,126.842,2,3,1644,3240.18,1.849999999999909,BEAM,W,10 x 12,N - No Paint,Fab/Layout
2684,1129,1127.78,752352,1,33.88,19632.402,1,60,1129,226377.5759999999,1.2200000000000273,FRAME_COLUMN,W,14 x 211,"DS - Special Case/Steel, Paint All",Fab/Layout
5903,10611,10526.79,803017,1,12.92,302.898,1,5,10611,93832.56,84.20999999999913,PLATE,FB,1/4 x 6,"D - Steel, Paint All",Fab/Layout
564,9,9.0,903120,1,9.32,84.38,1,9,9,118.17,0.0,RAIL,PI,1 1/4SCH40,"D - Steel, Paint All",Material Handling
2120,0,0.0,705812,680,0.83,24.263,694,1,0,215.95726722847897,0.0,ANGLE,L,6 x 6 x 5/8,"D - Steel, Paint All",Material Handling
1985,4,4.0,705812,635,0.83,24.263,694,1,4,215.95726722847897,0.0,ANGLE,L,6 x 6 x 5/8,"D - Steel, Paint All",Material Handling
5128,5,5.0,770122,5,22.33,491.333,7,0,5,4538.232,0.0,BEAM,W,14 x 22,"D - Steel, Paint All",Material Handling
1020,13392,13349.8,897889,1,15.24,773.864,1,82,13392,83482.2,42.20000000000073,STRINGER,MC,12 x 14.3,"D - Steel, Paint All",Fab/Layout
4299,6331,6329.05,782989,1,5.32,109.731,1,6,6331,734.616,1.949999999999818,ANGLE,L,5 x 3 1/2 x 1/4,N - No Paint,Weld
6040,3,3.0,810196,2,29.06,1750.465,4,17,3,6523.451999999998,0.0,COLUMN,W,12 x 53,"D - Steel, Paint All",Material Handling
908,7,7.0,897607,1,7.09,56.316,2,1,7,499.82399999999996,0.0,COLUMN,L,3 x 3 x 3/8,"D - Steel, Paint All",Material Handling
4031,352,350.95,769492,6,7.74,117.521,7,4,352,2915.8971428571426,1.0500000000000114,TUBE STEEL,HSS,4 x 4 x 0.25,G - Galvanized,Fab/Layout
2985,10934,10988.13,767712,1,40.4,4847.54,1,12,10934,31742.424,-54.1299999999992,BEAM,W,30 x 116,N - No Paint,Fab/Layout
3601,2287,2289.21,769114,1,7.13,127.708,1,8,2287,10562.544,-2.2100000000000364,BENT PLATE,PL,3/8 x 10 3/4    §,N - No Paint,Fab/Layout
448,345,344.61,638420,3,23.08,633.943,5,8,345,2330.4,0.38999999999998636,BEAM,W,12 x 26,"DS - Special Case/Steel, Paint All",Material Handling
1045,31027,31186.75,898052,1,16.89,1032.163,1,94,31027,412545.63599999994,-159.75,STRINGER,MC,12 x 14.3,"D - Steel, Paint All",Fab/Layout
490,7704,7691.0,902991,1,9.95,87.218,1,9,7704,12075.210000000001,13.0,RAIL,PI,1 1/4SCH40,"D - Steel, Paint All",Fab/Layout
3149,13,13.06,767928,1,31.16,820.894,1,3,13,6620.184,-0.0600000000000005,BEAM,W,16 x 26,N - No Paint,Material Handling
2734,3,3.0,767366,1,19.34,212.843,1,10,3,1819.6560000000002,0.0,ANGLE,L,5 x 3 x 1/4,N - No Paint,Material Handling
2797,5047,5028.49,767560,1,5.72,569.718,1,7,5047,9772.776,18.51000000000022,BEAM,W,30 x 90,N - No Paint,Fab/Layout
2691,21878,21998.24,752406,1,33.83,42248.707,1,63,21878,2235511.908,-120.2400000000016,FRAME_COLUMN,W,14 x 500,"DS - Special Case/Steel, Paint All",Weld
4447,6357,6345.94,776743,1,11.45,162.937,1,37,6357,20243.088,11.0600000000004,RAIL,PI,1 1/4SCH40,"D - Steel, Paint All",Fab/Layout
6181,6,6.0,816422,1,28.17,1772.174,1,6,6,7325.784000000001,0.0,BEAM,W,24 x 62,"B - Steel, No Paint Wide Flange Beam Tops",Material Handling
2395,413,414.08,899253,9,0.17,11.495,16,1,413,346.96799999999996,-1.079999999999984,BOLLARD,PI,8SCH40,G - Galvanized,Weld
1103,180,178.16,899409,2,0.13,1.119,5,1,180,109.872,1.8400000000000034,TUBE STEEL,HSS,2 x 2 x 0.25,"B - Steel, No Paint Wide Flange Beam Tops",Weld
6389,11,11.0,795357,1,19.06,642.461,2,2,11,2542.428,0.0,BEAM,W,14 x 30,"DS - Special Case/Steel, Paint All",Material Handling
3940,2208,2203.2,769360,1,10.0,318.976,1,11,2208,1607.472,4.800000000000182,BENT PLATE,PL,3/8 x 21 3/4,N - No Paint,Weld
3207,78,77.64,768109,1,18.94,869.006,1,9,78,3521.808,0.35999999999999943,BEAM,W,21 x 44,N - No Paint,Material Handling
3720,1,1.0,769240,1,10.0,295.781,1,5,1,632.52,0.0,BENT PLATE,PL,3/8 x 21 5/8,N - No Paint,Material Handling
5261,2190,2194.92,771179,1,31.06,1657.202,1,20,2190,30226.607999999997,-4.920000000000073,COLUMN,W,12 x 53,"D - Steel, Paint All",Peddi Assembler
4484,746,746.38,903330,4,2.48,26.003,10,4,746,473.1624,-0.37999999999999545,CHANNEL,C,4 x 7.25,G - Galvanized,Weld
882,804,803.04,897541,1,9.83,163.25,1,6,804,916.416,0.9600000000000364,CHANNEL,C,10 x 15.3,"D - Steel, Paint All",Weld
1196,2130,2137.96,899423,6,2.48,37.474,20,2,2130,216.61199999999963,-7.960000000000036,COLUMN,HSS,6 x 3 x 0.25,"DS - Special Case/Steel, Paint All",Weld
6201,7339,7336.15,786910,1,24.82,12068.097,1,71,7339,158141.196,2.850000000000364,COLUMN,W,18 x 97,"DS - Special Case/Steel, Paint All",Peddi Assembler
1981,428,425.13,705812,634,0.83,24.263,694,1,428,3013.191068176538,2.8700000000000045,ANGLE,L,6 x 6 x 5/8,"D - Steel, Paint All",Fab/Layout
6369,12,12.0,795293,2,19.06,642.241,2,2,12,5084.1359999999995,0.0,BEAM,W,14 x 30,"DS - Special Case/Steel, Paint All",Material Handling
1087,15,14.99,899405,5,0.13,1.119,5,1,15,1040.3208,0.009999999999999787,TUBE STEEL,HSS,2 x 2 x 0.25,"B - Steel, No Paint Wide Flange Beam Tops",Fab/Layout
3383,3203,3205.85,768624,1,10.59,315.135,1,5,3203,3404.0879999999997,-2.849999999999909,COLUMN,HSS,6 x 6 x 0.375,GF - Fabrication Req'd After Galvanizing,Weld
915,282,281.89,897614,1,8.89,69.216,1,1,282,290.23199999999997,0.11000000000001364,COLUMN,L,3 x 3 x 3/8,"D - Steel, Paint All",Weld
2520,20861,20885.89,903576,1,13.78,1184.854,1,83,20861,246566.69999999992,-24.889999999999418,STRINGER,C,12 x 20.7,"D - Steel, Paint All",Weld
3790,6,6.0,769270,1,10.0,219.853,5,5,6,609.4944,0.0,BENT PLATE,PL,3/8 x 15 7/8,N - No Paint,Material Handling
6360,43,43.38,795254,1,39.46,10125.993,1,10,43,31525.919999999984,-0.38000000000000256,BEAM,W,40 x 249,"DS - Special Case/Steel, Paint All",Material Handling
3085,106660,100243.94,767871,3,29.0,6741.868,6,54,106660,197868.06000000003,6416.059999999998,BEAM,W,10 x 77,N - No Paint,Fab/Layout
2495,8,8.0,903507,1,11.8,215.947,1,40,8,9104.076000000001,0.0,RAIL,PI,1 1/2SCH40,"D - Steel, Paint All",Material Handling
704,5746,5747.77,792616,1,20.79,669.954,1,4,5746,8790.984,-1.7700000000004366,BEAM,W,14 x 22,"D - Steel, Paint All",Weld
6488,45733,46025.37,796868,1,29.93,7584.671,1,63,45733,1465051.1040000003,-292.3700000000026,COLUMN,W,14 x 68,"DS - Special Case/Steel, Paint All",Fab/Layout
446,256,256.41,638420,2,23.08,633.943,5,8,256,1165.1999999999998,-0.410000000000025,BEAM,W,12 x 26,"DS - Special Case/Steel, Paint All",Material Handling
5112,4235,4220.17,770092,1,15.13,496.0,1,5,4235,9290.807999999999,14.829999999999927,BEAM,W,16 x 31,"B - Steel, No Paint Wide Flange Beam Tops",Weld
3004,705,711.56,767741,1,22.38,2431.813,1,3,705,8712.936,-6.559999999999945,BEAM,W,30 x 108,N - No Paint,Fab/Layout
2411,129,129.49,899253,15,0.17,11.495,16,1,129,1494.6614999999997,-0.4900000000000091,BOLLARD,PI,8SCH40,G - Galvanized,Fab/Layout
5249,1695,1694.84,770842,1,33.64,1181.729,1,1,1695,4398.876,0.16000000000008185,BEAM,W,18 x 35,"B - Steel, No Paint Wide Flange Beam Tops",Fab/Layout
7276,0,0.0,865184,6,23.61,2205.586,13,4,0,2730.588847058824,0.0,BEAM,W,30 x 90,"B - Steel, No Paint Wide Flange Beam Tops",Material Handling
6158,2,2.0,816104,1,29.3,1171.238,1,10,2,8840.519999999999,0.0,COLUMN,W,8 x 35,"D - Steel, Paint All",Material Handling
3669,344,344.3,769209,1,10.0,310.137,1,5,344,3960.0360000000005,-0.30000000000001137,BENT PLATE,PL,3/8 x 15 3/4,N - No Paint,Fab/Layout
5899,9246,9231.87,803008,1,19.94,423.47,1,6,9246,66656.16,14.1299999999992,PLATE,FB,1/4 x 6,"D - Steel, Paint All",Fab/Layout
6011,6185,6196.03,809959,1,17.88,1002.866,1,13,6185,21316.211999999996,-11.029999999999745,BEAM,W,18 x 40,"B - Steel, No Paint Wide Flange Beam Tops",Fab/Layout
4226,4256,4251.11,776415,2,33.36,892.522,2,6,4256,22481.604,4.890000000000327,BEAM,W,16 x 26,N - No Paint,Fab/Layout
3161,4,4.0,767942,1,15.73,2432.304,1,24,4,6449.579999999999,0.0,BEAM,W,30 x 90,N - No Paint,Material Handling
4456,5425,5430.98,776781,1,19.13,71.647,1,4,5425,1059.687,-5.979999999999563,RAIL,PI,1 1/4SCH80,"D - Steel, Paint All",Fab/Layout
6677,3119,3143.45,797575,1,25.04,910.835,3,6,3119,5682.4800000000005,-24.449999999999818,TUBE STEEL,HSS,10 x 4 x 0.375,"D - Steel, Paint All",Peddi Assembler
906,415,414.97,897600,1,7.59,59.916,1,1,415,290.23199999999997,0.029999999999972715,COLUMN,L,3 x 3 x 3/8,"D - Steel, Paint All",Weld
2463,10,10.0,903444,1,4.48,109.018,1,3,10,1731.7440000000001,0.0,CHANNEL,C,12 x 20.7,"D - Steel, Paint All",Material Handling
4282,2799,2803.68,782967,1,7.75,141.013,1,7,2799,7958.543999999999,-4.679999999999836,ANGLE,L,5 x 3 1/2 x 1/4,N - No Paint,Fab/Layout
7235,7,7.0,862476,1,5.97,100.856,1,2,7,1543.8960000000002,0.0,CHANNEL,C,10 x 15.3,"D - Steel, Paint All",Material Handling
3787,16,15.99,769268,1,10.0,216.398,1,4,16,2438.064,0.009999999999999787,BENT PLATE,PL,3/8 x 15 7/8    §,N - No Paint,Material Handling
893,9,9.0,897567,1,10.26,581.319,1,10,9,4180.295249999999,0.0,CHANNEL,C,10 x 15.3,"D - Steel, Paint All",Material Handling
643,279,278.36,578522,1,9.46,369.979,6,3,279,25335.3312,0.6399999999999864,V-BRACE,L,3 1/2 x 3 x 1/4,E - Exterior Exposed,Fab/Layout
4301,4,4.0,782993,1,5.41,133.138,1,7,4,1869.4439999999997,0.0,ANGLE,L,5 x 3 1/2 x 1/4,N - No Paint,Material Handling
496,8854,8857.06,903005,1,5.13,75.797,1,8,8854,34420.46400000001,-3.0599999999994907,RAIL,PI,1 1/4SCH40,"D - Steel, Paint All",Fab/Layout
4440,139,139.0,776669,1,13.0,276.863,1,1,139,784.332,0.0,CHANNEL,MC,8 x 21.4,"B - Steel, No Paint Wide Flange Beam Tops",Weld
486,8212,8220.92,902981,1,17.97,181.683,1,16,8212,3586.536,-8.920000000000073,RAIL,PI,1 1/4SCH40,"D - Steel, Paint All",Weld
2934,1479,1481.49,767665,1,40.7,4451.523,1,10,1479,12294.576000000001,-2.490000000000009,BEAM,W,30 x 108,N - No Paint,Fab/Layout
6147,1,1.0,816053,1,29.13,1024.931,1,8,1,4057.0199999999995,0.0,COLUMN,W,8 x 35,"D - Steel, Paint All",Material Handling
461,2624,2615.98,836919,4,40.97,2303.792,4,18,2624,9943.452,8.019999999999982,BEAM,W,21 x 55,"DS - Special Case/Steel, Paint All",Peddi Assembler
2756,669,670.52,767503,1,19.88,624.164,1,8,669,14315.184000000001,-1.5199999999999818,BEAM,W,14 x 30,N - No Paint,Fab/Layout
968,73,72.13,897704,1,15.71,226.099,1,57,73,10799.244,0.8700000000000045,RAIL,PI,1 1/4SCH40,"D - Steel, Paint All",Material Handling
3770,688,692.86,769253,1,8.77,254.394,1,4,688,2492.496,-4.860000000000014,BENT PLATE,PL,3/8 x 21 1/4,N - No Paint,Fab/Layout
503,4,4.0,903019,1,10.97,83.505,2,7,4,108.78479999999999,0.0,RAIL,PI,1 1/4SCH40,"D - Steel, Paint All",Material Handling
6383,850,843.18,795354,1,19.06,644.116,2,2,850,6257.592000000001,6.82000000000005,BEAM,W,14 x 30,"DS - Special Case/Steel, Paint All",Fab/Layout
3904,79,78.47,769344,1,10.0,187.284,7,6,79,4667.914285714286,0.5300000000000011,BENT PLATE,PL,3/8 x 13 1/4,N - No Paint,Material Handling
5902,3653,3657.64,803012,1,19.86,422.726,1,6,3653,11946.816,-4.639999999999873,PLATE,FB,1/4 x 6,"D - Steel, Paint All",Weld
2878,5188,5195.46,767626,1,26.91,943.177,1,2,5188,4747.608,-7.460000000000036,BEAM,W,30 x 108,N - No Paint,Fab/Layout
5911,1657,1655.69,803039,1,10.94,190.97,1,3,1657,8567.748,1.3099999999999454,PLATE,FB,1/4 x 6,"D - Steel, Paint All",Fab/Layout
1210,7,7.0,899423,11,2.48,37.474,20,2,7,2573.4239999999995,0.0,COLUMN,HSS,6 x 3 x 0.25,"DS - Special Case/Steel, Paint All",Material Handling
5273,9,9.0,771270,1,13.31,262.091,1,3,9,6327.936,0.0,COLUMN,HSS,5 x 5 x 0.313,"D - Steel, Paint All",Material Handling
6417,1470,1476.21,795363,4,12.34,171.605,10,4,1470,1251.2069999999997,-6.210000000000036,CHANNEL,C,10 x 15.3,"D - Steel, Paint All",Weld
2771,27,26.85,767529,1,27.65,1909.922,1,7,27,16931.916000000005,0.14999999999999858,BEAM,W,24 x 55,N - No Paint,Material Handling
7160,6653,6632.25,822997,1,17.07,254.013,1,6,6653,1674.6119999999999,20.75,TUBE STEEL,HSSR,6 5/8 x 0.188,"D - Steel, Paint All",Weld
5732,7,7.0,802243,1,25.33,1110.858,1,8,7,10675.296,0.0,BEAM,W,16 x 26,"B - Steel, No Paint Wide Flange Beam Tops",Material Handling
3752,345,344.44,769250,3,10.0,306.043,8,6,345,2084.6610000000005,0.5600000000000023,BENT PLATE,PL,3/8 x 21 1/4,N - No Paint,Fab/Layout
3984,341,344.22,769465,2,16.88,313.341,4,4,341,596.466,-3.2200000000000273,TUBE STEEL,HSS,4 x 4 x 0.375,N - No Paint,Weld
2819,1298,1292.59,767579,1,8.36,234.307,1,1,1298,2642.292,5.410000000000082,BEAM,W,16 x 26,N - No Paint,Fab/Layout
3385,5453,5453.46,768634,1,10.59,317.585,1,7,5453,13231.8,-0.4600000000000364,COLUMN,HSS,6 x 6 x 0.375,GF - Fabrication Req'd After Galvanizing,Fab/Layout
3072,888,885.76,767851,1,27.82,3004.876,1,2,888,6429.744000000001,2.240000000000009,BEAM,W,30 x 108,N - No Paint,Weld
3887,12,12.0,769329,1,9.56,255.602,1,4,12,600.264,0.0,BENT PLATE,PL,3/8 x 19 3/4,N - No Paint,Material Handling
3695,1136,1134.37,769222,2,10.0,172.44,2,6,1136,6859.944,1.6300000000001091,BENT PLATE,PL,3/8 x 13 1/4,N - No Paint,Fab/Layout
3652,1117,1116.16,769201,1,10.88,209.143,1,12,1117,1864.224,0.8399999999999181,BENT PLATE,PL,3/8 x 10 3/4    §,N - No Paint,Weld
6501,82,81.86,796927,1,19.31,1832.389,1,25,82,72521.64000000001,0.14000000000000057,COLUMN,W,24 x 76,"D - Steel, Paint All",Material Handling
6128,1967,1968.75,810498,2,16.96,307.19,2,1,1967,391.536,-1.75,PLATE,PL,3/8 x 7 1/8,G - Galvanized,Weld
6461,3686,3691.58,796514,2,24.29,1044.236,3,26,3686,30515.92799999999,-5.579999999999927,COLUMN,W,16 x 26,"D - Steel, Paint All",Fab/Layout
5776,4041,4040.04,802431,1,20.54,649.055,1,3,4041,2973.456,0.9600000000000364,BEAM,W,14 x 22,"B - Steel, No Paint Wide Flange Beam Tops",Weld
460,139,139.05,836919,4,40.97,2303.792,4,18,139,12197.052000000003,-0.05000000000001137,BEAM,W,21 x 55,"DS - Special Case/Steel, Paint All",Material Handling
2409,5,5.0,899253,14,0.17,11.495,16,1,5,1072.4985,0.0,BOLLARD,PI,8SCH40,G - Galvanized,Material Handling
3941,3132,3145.41,769364,1,10.0,311.776,1,9,3132,27760.535999999996,-13.409999999999854,BENT PLATE,PL,3/8 x 21 3/4,N - No Paint,Fab/Layout
4014,193,193.33,769491,2,9.3,133.165,2,4,193,3091.6260000000007,-0.3300000000000125,TUBE STEEL,HSS,4 x 4 x 0.25,G - Galvanized,Fab/Layout
3014,22,22.34,767754,1,6.86,212.802,2,0,22,1375.4159999999997,-0.33999999999999986,BEAM,W,16 x 31,N - No Paint,Cut
3882,0,0.0,769325,1,1.69,50.802,1,1,0,151.308,0.0,BENT PLATE,PL,3/8 x 13 3/4,N - No Paint,Material Handling
4493,183,182.17,903330,7,2.48,26.003,10,4,183,473.1624,0.8300000000000125,CHANNEL,C,4 x 7.25,G - Galvanized,Weld
5870,26,25.85,802924,1,13.83,238.248,1,4,26,31772.664000000004,0.14999999999999858,COLUMN,HSS,5 x 5 x 0.25,"D - Steel, Paint All",Material Handling
6185,263,260.54,823620,1,3.67,105.925,1,1,263,1530.144,2.4599999999999795,BENT PLATE,PL,3/8 x 22 1/4,"D - Steel, Paint All",Fab/Layout
516,8,8.0,903035,1,19.43,130.17,2,10,8,115.848,0.0,RAIL,PI,1 1/4SCH40,"D - Steel, Paint All",Material Handling
6175,1,1.0,816194,1,29.1,1244.32,1,9,1,4423.392,0.0,COLUMN,W,10 x 39,"D - Steel, Paint All",Material Handling
2770,8609,8631.86,767529,1,27.65,1909.922,1,7,8609,47302.92,-22.860000000000582,BEAM,W,24 x 55,N - No Paint,Fab/Layout
2884,868,867.48,767628,1,21.98,2385.798,1,3,868,2411.136,0.5199999999999818,BEAM,W,30 x 108,N - No Paint,Weld
902,9,9.0,897593,1,5.88,47.579,1,1,9,448.27200000000005,0.0,COLUMN,L,3 x 3 x 3/8,"D - Steel, Paint All",Material Handling
1046,650,648.81,898052,1,16.89,1032.163,1,94,650,24199.559999999998,1.1900000000000546,STRINGER,MC,12 x 14.3,"D - Steel, Paint All",Material Handling
6365,1304,1294.65,795293,1,19.06,642.241,2,2,1304,12515.184,9.349999999999909,BEAM,W,14 x 30,"DS - Special Case/Steel, Paint All",Fab/Layout
3044,40,39.73,767783,1,6.99,189.386,1,2,40,1610.4599999999996,0.2700000000000031,BEAM,W,16 x 26,N - No Paint,Material Handling
3818,1894,1900.48,769274,4,10.0,175.012,8,6,1894,355.626,-6.480000000000018,BENT PLATE,PL,3/8 x 11 1/4,N - No Paint,Weld
6106,0,0.0,810475,7,18.57,337.165,10,1,0,2368.985142857143,0.0,PLATE,PL,3/8 x 7 1/8,G - Galvanized,Material Handling
5714,4172,4178.78,802143,1,26.87,977.874,1,2,4172,6004.728,-6.779999999999745,BEAM,W,18 x 35,"D - Steel, Paint All",Fab/Layout
6478,28821,29172.99,796790,1,29.87,7893.41,1,42,28821,484622.2799999999,-351.9900000000016,COLUMN,W,14 x 68,"DS - Special Case/Steel, Paint All",Fab/Layout
6517,8557,8570.2,797137,1,29.93,6816.153,1,56,8557,230736.45600000003,-13.200000000000728,COLUMN,W,14 x 68,"DS - Special Case/Steel, Paint All",Peddi Assembler
1102,9,9.0,899409,2,0.13,1.119,5,1,9,106.7112,0.0,TUBE STEEL,HSS,2 x 2 x 0.25,"B - Steel, No Paint Wide Flange Beam Tops",Material Handling
2089,275,274.66,705812,670,0.83,24.263,694,1,275,1506.595534088269,0.339999999999975,ANGLE,L,6 x 6 x 5/8,"D - Steel, Paint All",Fab/Layout
1027,12811,12831.87,897924,1,5.42,788.622,1,52,12811,132848.01,-20.8700000000008,STRINGER,MC,12 x 14.3,"D - Steel, Paint All",Weld
1021,352,351.2,897889,1,15.24,773.864,1,82,352,9759.167999999998,0.8000000000000114,STRINGER,MC,12 x 14.3,"D - Steel, Paint All",Material Handling
5133,1865,1863.63,770123,1,11.32,275.0,1,2,1865,452.05199999999996,1.3699999999998909,BEAM,W,14 x 22,"D - Steel, Paint All",Weld
4287,2451,2445.69,782972,1,7.75,120.013,1,7,2451,979.5960000000002,5.309999999999945,ANGLE,L,5 x 3 1/2 x 1/4,N - No Paint,Weld
5930,5661,5670.09,803054,1,16.2,391.489,1,6,5661,5465.303999999999,-9.090000000000146,PLATE,FB,1/4 x 6,"D - Steel, Paint All",Weld
2393,152,152.37,899253,9,0.17,11.495,16,1,152,1494.6614999999997,-0.37000000000000455,BOLLARD,PI,8SCH40,G - Galvanized,Fab/Layout
6152,14514,14286.77,816072,1,29.3,1031.493,1,8,14514,13537.152,227.22999999999956,COLUMN,W,8 x 35,"D - Steel, Paint All",Peddi Assembler
756,19,19.0,866820,1,4.62,65.883,1,1,19,3960.7199999999993,0.0,TUBE STEEL,HSS,4 x 4 x 0.25,"B - Steel, No Paint Wide Flange Beam Tops",Material Handling
6428,7694,7687.35,795910,1,19.31,2089.211,1,24,7694,76795.056,6.649999999999636,COLUMN,W,24 x 84,"DS - Special Case/Steel, Paint All",Fab/Layout
1227,120,120.2,899423,17,2.48,37.474,20,2,120,2049.1920000000023,-0.20000000000000284,COLUMN,HSS,6 x 3 x 0.25,"DS - Special Case/Steel, Paint All",Fab/Layout
3781,1225,1231.42,769263,1,8.03,179.934,1,4,1225,7933.031999999999,-6.420000000000073,BENT PLATE,PL,3/8 x 15 7/8    §,N - No Paint,Fab/Layout
2916,1077,1070.75,767649,1,34.03,1510.987,1,8,1077,1800.0,6.25,BEAM,W,21 x 44,N - No Paint,Beam Cambering
3281,2283,2289.45,768172,1,20.0,269.613,1,1,2283,6725.520000000001,-6.449999999999818,BENT PLATE,PL,3/8 x 10 1/4,N - No Paint,Fab/Layout
1188,697,694.91,899423,4,2.48,37.474,20,2,697,2049.1920000000023,2.090000000000032,COLUMN,HSS,6 x 3 x 0.25,"DS - Special Case/Steel, Paint All",Fab/Layout
6385,1177,1176.26,795354,2,19.06,644.116,2,2,1177,6257.592000000001,0.7400000000000091,BEAM,W,14 x 30,"DS - Special Case/Steel, Paint All",Fab/Layout
2924,4451,4438.37,767656,1,8.06,791.028,1,2,4451,10129.968,12.63000000000011,BEAM,W,12 x 96,N - No Paint,Fab/Layout
723,1129,1128.3,792811,1,6.32,203.404,1,2,1129,24545.159999999996,0.7000000000000455,BEAM,W,14 x 22,"D - Steel, Paint All",Fab/Layout
493,8369,8356.13,902996,1,5.13,75.773,1,8,8369,7639.848000000001,12.8700000000008,RAIL,PI,1 1/4SCH40,"D - Steel, Paint All",Fab/Layout
2789,9,9.0,767547,1,33.16,2992.188,1,2,9,3615.768,0.0,BEAM,W,30 x 90,N - No Paint,Material Handling
6660,3,3.0,797522,1,9.45,339.119,4,6,3,2359.7460000000005,0.0,TUBE STEEL,HSSR,10 3/4 x 0.25,"D - Steel, Paint All",Material Handling
3740,152,152.08,769246,1,10.0,295.781,1,5,152,1320.012,-0.0800000000000125,BENT PLATE,PL,3/8 x 21 5/8,N - No Paint,Fab/Layout
6287,17552,17786.0,794795,1,39.46,10125.622,1,10,17552,69425.85600000001,-234.0,BEAM,W,40 x 249,"DS - Special Case/Steel, Paint All",Weld
479,20,20.01,902957,1,6.33,36.769,1,5,20,235.15200000000002,-0.010000000000001563,PIPE,PI,1 1/4SCH40,"D - Steel, Paint All",Material Handling
3230,1773,1774.0,768139,1,32.66,1320.336,1,9,1773,3348.864,-1.0,BEAM,W,18 x 40,N - No Paint,Weld
5340,5,5.0,771673,1,17.46,682.224,1,0,5,2012.364,0.0,TUBE STEEL,HSS,6 x 6 x 0.5,"D - Steel, Paint All",Material Handling
2867,3135,3138.3,767614,1,26.91,2936.502,1,2,3135,9495.216,-3.300000000000182,BEAM,W,30 x 108,N - No Paint,Fab/Layout
3167,4,4.0,767954,1,22.38,2431.813,1,3,4,3249.648,0.0,BEAM,W,30 x 108,N - No Paint,Material Handling
3259,834,832.4,768167,3,10.0,110.648,8,6,834,711.2565,1.6000000000000227,BENT PLATE,PL,3/8 x 11 1/4,N - No Paint,Weld
5877,376,374.26,802969,1,3.0,48.351,1,1,376,2980.44,1.740000000000009,BENT PLATE,PL,1/4 x 18 1/2    §,"B - Steel, No Paint Wide Flange Beam Tops",Fab/Layout
3618,4112,4137.46,769132,1,5.85,98.967,1,5,4112,803.736,-25.460000000000036,BENT PLATE,PL,3/8 x 10 3/4    §,N - No Paint,Weld
6493,58576,57243.98,796904,1,19.31,1782.692,2,24,58576,225119.41199999998,1332.0199999999968,COLUMN,W,24 x 76,"D - Steel, Paint All",Weld
1238,1900,1904.2,899423,20,2.48,37.474,20,2,1900,216.61199999999963,-4.2000000000000455,COLUMN,HSS,6 x 3 x 0.25,"DS - Special Case/Steel, Paint All",Weld
6348,9013,9008.87,795216,1,39.14,9978.899,1,8,9013,74440.51200000002,4.1299999999992,BEAM,W,40 x 249,"D - Steel, Paint All",Fab/Layout
3435,6085,6094.17,768826,1,52.75,3987.277,1,14,6085,21229.56,-9.170000000000073,COLUMN,W,12 x 72,N - No Paint,Peddi Assembler
6515,14197,14211.3,797137,1,29.93,6816.153,1,56,14197,1038314.0520000001,-14.299999999999272,COLUMN,W,14 x 68,"DS - Special Case/Steel, Paint All",Fab/Layout
1994,6,6.0,705812,638,0.83,24.263,694,1,6,215.95726722847897,0.0,ANGLE,L,6 x 6 x 5/8,"D - Steel, Paint All",Material Handling
2015,4,4.0,705812,645,0.83,24.263,694,1,4,215.95726722847897,0.0,ANGLE,L,6 x 6 x 5/8,"D - Steel, Paint All",Material Handling
6014,7335,7350.73,809959,1,17.88,1002.866,1,13,7335,39398.975999999995,-15.729999999999563,BEAM,W,18 x 40,"B - Steel, No Paint Wide Flange Beam Tops",Weld
547,3226,3223.47,903087,1,4.0,41.357,1,5,3226,1716.984,2.5300000000002,RAIL,PI,1 1/4SCH40,"D - Steel, Paint All",Weld
6110,2628,2617.65,810475,8,18.57,337.165,10,1,2628,464.544,10.349999999999909,PLATE,PL,3/8 x 7 1/8,G - Galvanized,Weld
4295,2,2.0,782985,1,5.05,107.179,1,7,2,1720.26,0.0,ANGLE,L,5 x 3 1/2 x 1/4,N - No Paint,Material Handling
6207,11721,11751.43,786965,1,29.87,7210.449,1,39,11721,185110.05599999992,-30.43000000000029,COLUMN,W,14 x 61,"DS - Special Case/Steel, Paint All",Peddi Assembler
3227,2648,2656.77,768135,1,33.12,1379.33,1,21,2648,10260.072,-8.769999999999982,BEAM,W,18 x 40,N - No Paint,Weld
6176,1,1.0,816200,1,29.44,1245.827,1,13,1,4985.424,0.0,COLUMN,W,10 x 39,"D - Steel, Paint All",Material Handling
2790,2060,2067.17,767547,1,33.16,2992.188,1,2,2060,3499.4880000000003,-7.170000000000073,BEAM,W,30 x 90,N - No Paint,Weld
3907,3,3.0,769344,2,10.0,187.284,7,6,3,1555.9714285714285,0.0,BENT PLATE,PL,3/8 x 13 1/4,N - No Paint,Material Handling
3173,5,5.0,767961,1,20.11,926.183,1,4,5,4414.499999999998,0.0,BEAM,W,30 x 90,N - No Paint,Material Handling
2416,253,252.01,899253,16,0.17,11.495,16,1,253,346.96799999999996,0.9900000000000091,BOLLARD,PI,8SCH40,G - Galvanized,Weld
3678,2110,2106.63,769215,1,10.15,172.679,1,7,2110,3951.9719999999998,3.369999999999891,BENT PLATE,PL,3/8 x 13 1/4,N - No Paint,Fab/Layout
3005,3,3.0,767741,1,22.38,2431.813,1,3,3,3249.648,0.0,BEAM,W,30 x 108,N - No Paint,Material Handling
4473,646,647.73,903330,1,2.48,26.003,10,4,646,2136.6324,-1.7300000000000182,CHANNEL,C,4 x 7.25,G - Galvanized,Fab/Layout
6472,5088,5079.69,796749,1,24.29,827.235,1,25,5088,64748.95200000001,8.3100000000004,COLUMN,W,16 x 26,"D - Steel, Paint All",Fab/Layout
3814,25,25.67,769274,3,10.0,175.012,8,6,25,2309.9445,-0.6700000000000017,BENT PLATE,PL,3/8 x 11 1/4,N - No Paint,Material Handling
2785,4825,4833.01,767546,1,33.16,3581.438,1,3,4825,18910.26,-8.010000000000218,BEAM,W,30 x 108,N - No Paint,Fab/Layout
1199,300,299.74,899423,7,2.48,37.474,20,2,300,433.22399999999965,0.2599999999999909,COLUMN,HSS,6 x 3 x 0.25,"DS - Special Case/Steel, Paint All",Weld
5165,27,26.8,770514,1,26.5,1248.589,1,4,27,26608.176000000003,0.1999999999999993,BEAM,W,21 x 44,"D - Steel, Paint All",Material Handling
2415,3,3.0,899253,16,0.17,11.495,16,1,3,1072.4985,0.0,BOLLARD,PI,8SCH40,G - Galvanized,Material Handling
1223,321,321.01,899423,15,2.48,37.474,20,2,321,216.61199999999963,-0.009999999999990905,COLUMN,HSS,6 x 3 x 0.25,"DS - Special Case/Steel, Paint All",Weld
3946,2780,2778.38,769370,1,10.0,311.776,1,9,2780,13880.268,1.6199999999998909,BENT PLATE,PL,3/8 x 21 3/4,N - No Paint,Fab/Layout
6386,2,2.0,795354,2,19.06,644.116,2,2,2,2542.0679999999998,0.0,BEAM,W,14 x 30,"DS - Special Case/Steel, Paint All",Material Handling
6358,15,14.91,795250,1,39.46,10203.705,1,7,15,15117.768000000002,0.08999999999999986,BEAM,W,40 x 249,"DS - Special Case/Steel, Paint All",Material Handling
750,4,4.0,866813,3,0.58,8.612,4,1,4,209.034,0.0,PLATE,PL,1/2 x 7,"B - Steel, No Paint Wide Flange Beam Tops",Material Handling
880,1440,1435.1,897541,1,9.83,163.25,1,6,1440,3186.6839999999997,4.900000000000091,CHANNEL,C,10 x 15.3,"D - Steel, Paint All",Fab/Layout
3306,45204,44874.92,768202,1,56.66,23271.297,1,161,45204,1075741.7760000003,329.08000000000175,BEAM,W,12 x 170,N - No Paint,Fab/Layout
3932,3337,3321.94,769355,1,10.0,311.776,1,9,3337,13880.268,15.059999999999945,BENT PLATE,PL,3/8 x 21 3/4,N - No Paint,Fab/Layout
3378,194,194.34,768620,1,1.43,37.78,1,3,194,4412.52,-0.3400000000000034,COLUMN,HSS,4 x 4 x 0.25,GF - Fabrication Req'd After Galvanizing,Fab/Layout
2410,349,348.25,899253,14,0.17,11.495,16,1,349,346.96799999999996,0.75,BOLLARD,PI,8SCH40,G - Galvanized,Weld
6347,23816,23893.77,795201,1,37.26,3562.137,1,20,23816,102781.44,-77.77000000000044,BEAM,W,18 x 35,"D - Steel, Paint All",Weld
5200,7,7.0,770759,1,25.44,559.74,1,3,7,9024.552000000001,0.0,BEAM,W,14 x 22,"D - Steel, Paint All",Material Handling
3226,183,183.04,768135,1,33.12,1379.33,1,21,183,6053.183999999999,-0.03999999999999204,BEAM,W,18 x 40,N - No Paint,Material Handling
1964,4,4.0,705812,628,0.83,24.263,694,1,4,215.95726722847897,0.0,ANGLE,L,6 x 6 x 5/8,"D - Steel, Paint All",Material Handling
3375,123,121.88,768616,1,1.43,38.035,1,3,123,4412.5199999999995,1.1200000000000045,COLUMN,HSS,4 x 4 x 0.25,GF - Fabrication Req'd After Galvanizing,Fab/Layout
3407,2972,2980.77,768802,1,52.66,4787.155,1,11,2972,23671.728,-8.769999999999982,COLUMN,W,14 x 82,N - No Paint,Fab/Layout
2400,6,6.0,899253,11,0.17,11.495,16,1,6,1072.4985,0.0,BOLLARD,PI,8SCH40,G - Galvanized,Material Handling
2012,5,5.0,705812,644,0.83,24.263,694,1,5,215.95726722847897,0.0,ANGLE,L,6 x 6 x 5/8,"D - Steel, Paint All",Material Handling
2751,7,7.0,767386,1,12.54,134.067,1,6,7,1176.6599999999999,0.0,ANGLE,L,5 x 3 x 1/4,N - No Paint,Material Handling
6323,17552,17807.67,795085,1,38.25,3654.573,1,20,17552,26381.879999999997,-255.66999999999825,BEAM,W,18 x 35,"D - Steel, Paint All",Weld
1023,17884,18031.69,897904,1,14.77,854.186,1,83,17884,628317.648,-147.6899999999987,STRINGER,MC,12 x 14.3,"D - Steel, Paint All",Fab/Layout
3045,449,449.49,767783,1,6.99,189.386,1,2,449,803.736,-0.4900000000000091,BEAM,W,16 x 26,N - No Paint,Weld
6376,27936,27428.07,795299,1,38.25,3654.573,1,20,27936,118766.30400000002,507.9300000000003,BEAM,W,18 x 35,"D - Steel, Paint All",Weld
2903,1159,1159.77,767638,1,33.99,1495.542,3,0,1159,5400.0,-0.7699999999999818,BEAM,W,21 x 44,N - No Paint,Beam Cambering
953,590,588.98,897648,1,14.1,52.546,1,6,590,429.48,1.0199999999999818,RAIL,PI,1 1/4SCH40,"D - Steel, Paint All",Material Handling
4340,1791,1794.41,798936,1,29.07,3163.864,1,2,1791,3214.8720000000003,-3.410000000000082,BEAM,W,30 x 108,N - No Paint,Weld
4500,72,71.96,903330,10,2.48,26.003,10,4,72,2136.6324,0.04000000000000625,CHANNEL,C,4 x 7.25,G - Galvanized,Fab/Layout
1222,3,3.0,899423,15,2.48,37.474,20,2,3,1286.7119999999998,0.0,COLUMN,HSS,6 x 3 x 0.25,"DS - Special Case/Steel, Paint All",Material Handling
6384,10,10.0,795354,1,19.06,644.116,2,2,10,2542.0679999999998,0.0,BEAM,W,14 x 30,"DS - Special Case/Steel, Paint All",Material Handling
445,1683,1680.86,638420,1,23.08,633.943,5,8,1683,2442.768,2.1400000000001,BEAM,W,12 x 26,"DS - Special Case/Steel, Paint All",Peddi Assembler
3986,8,8.0,769465,3,16.88,313.341,4,4,8,5320.800000000001,0.0,TUBE STEEL,HSS,4 x 4 x 0.375,N - No Paint,Material Handling
6462,550,550.53,796514,2,24.29,1044.236,3,26,550,15238.235999999999,-0.5299999999999727,COLUMN,W,16 x 26,"D - Steel, Paint All",Weld
2459,6038,6045.71,903438,1,10.36,461.9,1,16,6038,50537.844,-7.710000000000036,CHANNEL,C,12 x 20.7,"D - Steel, Paint All",Fab/Layout
2098,3,3.0,705812,673,0.83,24.263,694,1,3,1506.595534088269,0.0,ANGLE,L,6 x 6 x 5/8,"D - Steel, Paint All",Fab/Layout
2413,64,62.92,899253,15,0.17,11.495,16,1,64,693.9359999999999,1.0799999999999983,BOLLARD,PI,8SCH40,G - Galvanized,Weld
3030,10,10.0,767761,1,29.83,4544.059,1,3,10,3418.38,0.0,BEAM,W,24 x 55,N - No Paint,Material Handling
694,935,936.5,792531,1,9.61,132.342,2,3,935,3507.912,-1.5,BEAM,W,10 x 12,N - No Paint,Fab/Layout
593,9718,9709.31,903167,1,4.34,51.962,1,6,9718,11851.596000000001,8.69000000000051,RAIL,PI,1 1/4SCH40,"D - Steel, Paint All",Fab/Layout
905,3,3.0,897600,1,7.59,59.916,1,1,3,521.028,0.0,COLUMN,L,3 x 3 x 3/8,"D - Steel, Paint All",Material Handling
459,2423,2426.38,836919,3,40.97,2303.792,4,18,2423,9943.452,-3.380000000000109,BEAM,W,21 x 55,"DS - Special Case/Steel, Paint All",Peddi Assembler
510,2406,2428.61,903030,1,15.54,104.136,2,8,2406,4030.0739999999996,-22.610000000000127,RAIL,PI,1 1/4SCH40,"D - Steel, Paint All",Fab/Layout
6460,767,762.51,796514,1,24.29,1044.236,3,26,767,15238.235999999999,4.490000000000009,COLUMN,W,16 x 26,"D - Steel, Paint All",Weld
4302,1560,1557.4,782993,1,5.41,133.138,1,7,1560,979.5959999999997,2.599999999999909,ANGLE,L,5 x 3 1/2 x 1/4,N - No Paint,Weld
862,6,6.0,897487,1,9.54,596.254,1,10,6,6880.7519999999995,0.0,CHANNEL,C,10 x 15.3,"D - Steel, Paint All",Material Handling
6021,8337,8343.0,810088,1,16.45,769.534,1,10,8337,47770.992,-6.0,BEAM,W,18 x 40,"B - Steel, No Paint Wide Flange Beam Tops",Weld
3059,11,11.0,767824,1,29.02,6746.943,2,54,11,21126.131999999994,0.0,BEAM,W,10 x 77,N - No Paint,Material Handling
6436,12875,12811.34,796006,1,46.45,3443.546,1,24,12875,9367.884,63.659999999999854,COLUMN,W,24 x 68,"DS - Special Case/Steel, Paint All",Weld
6123,270,267.69,810498,1,16.96,307.19,2,1,270,6166.782,2.3100000000000023,PLATE,PL,3/8 x 7 1/8,G - Galvanized,Fab/Layout
5912,979,984.65,803039,1,10.94,190.97,1,3,979,1853.1720000000003,-5.649999999999977,PLATE,FB,1/4 x 6,"D - Steel, Paint All",Weld
2980,6,6.0,767706,1,56.63,9829.624,1,6,6,23146.128,0.0,BEAM,W,30 x 173,N - No Paint,Material Handling
5932,3943,3955.5,803057,1,19.94,429.663,1,6,3943,14883.804,-12.5,PLATE,FB,1/4 x 6,"D - Steel, Paint All",Weld
572,1126,1126.21,903131,2,4.07,26.885,2,2,1126,6290.0279999999975,-0.21000000000003638,RAIL,PI,1 1/4SCH40,"D - Steel, Paint All",Fab/Layout
7353,1770,1771.05,837518,37,12.0,261.57,45,11,1770,178.60392165898583,-1.0499999999999545,CHANNEL,C,6 x 10.5,N - No Paint,Weld
2057,0,0.0,705812,659,0.83,24.263,694,1,0,215.95726722847897,0.0,ANGLE,L,6 x 6 x 5/8,"D - Steel, Paint All",Material Handling
2893,3791,3776.79,767634,1,33.99,3097.03,1,2,3791,5700.024,14.210000000000036,BEAM,W,30 x 90,N - No Paint,Fab/Layout
3210,94,94.24,768112,1,19.88,629.055,1,11,94,3667.428,-0.23999999999999488,BEAM,W,14 x 30,N - No Paint,Material Handling
4338,1352,1350.81,798936,1,29.07,3163.864,1,2,1352,4877.676,1.1900000000000546,BEAM,W,30 x 108,N - No Paint,Fab/Layout
4231,537,539.8,776422,1,10.0,110.648,1,6,537,711.6120000000001,-2.7999999999999545,BENT PLATE,PL,3/8 x 11 1/4,N - No Paint,Weld
557,5811,5793.63,903109,1,6.39,54.326,1,5,5811,2335.8599999999997,17.36999999999989,RAIL,PI,1 1/4SCH40,"D - Steel, Paint All",Fab/Layout
5792,2190,2194.04,802468,1,14.58,521.902,1,2,2190,3528.324,-4.039999999999964,BEAM,W,18 x 35,"B - Steel, No Paint Wide Flange Beam Tops",Fab/Layout
5879,609,604.76,802976,1,2.6,42.04,1,1,609,1466.172,4.240000000000009,BENT PLATE,PL,1/4 x 18 1/2    §,"B - Steel, No Paint Wide Flange Beam Tops",Fab/Layout
6111,1032,1030.82,810475,9,18.57,337.165,10,1,1032,6264.444857142857,1.1800000000000637,PLATE,PL,3/8 x 7 1/8,G - Galvanized,Fab/Layout
1049,14,14.01,898078,1,14.26,733.605,1,77,14,9294.911999999998,-0.009999999999999787,STRINGER,MC,12 x 14.3,"D - Steel, Paint All",Material Handling
6480,40036,40700.05,796790,1,29.87,7893.41,1,42,40036,1000039.824,-664.0500000000029,COLUMN,W,14 x 68,"DS - Special Case/Steel, Paint All",Weld
6457,5,5.0,796510,3,23.13,928.806,3,14,5,9125.435999999996,0.0,COLUMN,W,16 x 26,"DS - Special Case/Steel, Paint All",Material Handling
2823,902,902.1,767581,1,8.36,304.225,1,3,902,1518.1199999999997,-0.10000000000002274,BEAM,W,16 x 26,N - No Paint,Weld
5734,3,3.0,802251,1,18.63,409.865,1,0,3,2042.028,0.0,BEAM,W,14 x 22,"B - Steel, No Paint Wide Flange Beam Tops",Material Handling
2355,4,4.0,899251,10,6.99,201.981,16,2,4,2123.3025,0.0,BOLLARD,PI,8SCH40,G - Galvanized,Material Handling
5278,25877,25784.57,771432,1,29.08,1592.706,1,22,25877,60697.439999999995,92.43000000000029,COLUMN,W,12 x 53,"D - Steel, Paint All",Weld
738,2806,2811.9,811631,1,5.17,87.128,1,4,2806,8143.343999999999,-5.900000000000091,ANGLE,L,3 x 3 x 1/4,"B - Steel, No Paint Wide Flange Beam Tops",Fab/Layout
4027,4,4.0,769492,4,7.74,117.521,7,4,4,2259.4422857142863,0.0,TUBE STEEL,HSS,4 x 4 x 0.25,G - Galvanized,Material Handling
6346,6,6.0,795201,1,37.26,3562.137,1,20,6,57786.876,0.0,BEAM,W,18 x 35,"D - Steel, Paint All",Peddi Assembler
2455,7885,7892.78,903421,1,11.77,1354.584,1,21,7885,10930.896000000002,-7.779999999999745,BEAM,C,12 x 20.7,"D - Steel, Paint All",Weld
609,10,10.0,572037,1,19.76,806.095,2,0,10,2175.1020000000003,0.0,BEAM,W,12 x 40,E - Exterior Exposed,Material Handling
6005,207,208.43,803162,1,29.46,765.917,2,0,207,3600.0,-1.4300000000000068,BEAM,W,16 x 26,"B - Steel, No Paint Wide Flange Beam Tops",Beam Cambering
5099,700,693.25,769816,1,21.75,495.0,1,14,700,16141.788,6.75,BEAM,W,14 x 22,"D - Steel, Paint All",Fab/Layout
2372,180,178.93,899253,2,0.17,11.495,16,1,180,1494.6614999999997,1.0699999999999932,BOLLARD,PI,8SCH40,G - Galvanized,Fab/Layout
6396,19,18.9,795360,2,12.34,171.605,10,4,19,9520.092,0.10000000000000142,CHANNEL,C,10 x 15.3,"D - Steel, Paint All",Material Handling
2113,2,2.0,705812,678,0.83,24.263,694,1,2,1506.595534088269,0.0,ANGLE,L,6 x 6 x 5/8,"D - Steel, Paint All",Fab/Layout
1230,120,120.19,899423,18,2.48,37.474,20,2,120,2049.1920000000023,-0.18999999999999773,COLUMN,HSS,6 x 3 x 0.25,"DS - Special Case/Steel, Paint All",Fab/Layout
5114,6,6.0,770100,1,26.58,1093.334,1,4,6,3787.416,0.0,BEAM,W,18 x 40,"D - Steel, Paint All",Material Handling
575,7318,7321.35,903134,1,4.0,44.478,1,5,7318,4125.24,-3.350000000000364,RAIL,PI,1 1/4SCH40,"D - Steel, Paint All",Fab/Layout
3853,1861,1858.76,769299,1,10.0,235.758,1,10,1861,1272.564,2.240000000000009,BENT PLATE,PL,3/8 x 14 3/4,N - No Paint,Weld
3776,4815,4807.65,769257,1,10.0,241.839,1,11,4815,43503.048,7.350000000000364,BENT PLATE,PL,3/8 x 14 3/4,N - No Paint,Fab/Layout
835,4,4.0,897444,2,0.34,4.455,3,1,4,193.89599999999965,0.0,ANGLE,L,6 x 4 x 5/16,"D - Steel, Paint All",Material Handling
5331,538,541.21,771669,1,17.75,594.365,1,2,538,3055.788,-3.2100000000000364,TUBE STEEL,HSS,5 x 5 x 0.5,"D - Steel, Paint All",Fab/Layout
6154,6380,6381.82,816078,1,29.69,1493.011,1,11,6380,21533.904,-1.819999999999709,COLUMN,W,10 x 49,"D - Steel, Paint All",Peddi Assembler
2092,3,3.0,705812,671,0.83,24.263,694,1,3,1506.595534088269,0.0,ANGLE,L,6 x 6 x 5/8,"D - Steel, Paint All",Fab/Layout
4480,3,3.0,903330,3,2.48,26.003,10,4,3,1694.0592,0.0,CHANNEL,C,4 x 7.25,G - Galvanized,Material Handling
7252,1001,1000.9,812857,1,23.61,2205.586,1,4,1001,7233.875999999999,0.10000000000002274,BEAM,W,30 x 90,"B - Steel, No Paint Wide Flange Beam Tops",Peddi Assembler
4350,539,537.96,830358,2,4.37,38.314,2,2,539,1792.2599999999998,1.0399999999999636,ANGLE,L,5 x 3 1/2 x 1/4,N - No Paint,Fab/Layout
6434,7831,7830.75,796006,1,46.45,3443.546,1,24,7831,34692.479999999996,0.25,COLUMN,W,24 x 68,"DS - Special Case/Steel, Paint All",Fab/Layout
6177,3,3.0,816207,1,29.44,1239.189,1,12,3,9658.944,0.0,COLUMN,W,10 x 39,"D - Steel, Paint All",Material Handling
816,514,517.27,897438,1,1.55,16.847,3,1,514,1125.7439999999997,-3.269999999999982,ANGLE,L,6 x 4 x 5/16,"D - Steel, Paint All",Fab/Layout
4468,1610,1610.1,776794,1,10.99,112.205,1,37,1610,13729.248000000001,-0.09999999999990905,RAIL,PI,1 1/4SCH40,"D - Steel, Paint All",Fab/Layout
6661,257,256.89,797522,2,9.45,339.119,4,6,257,6863.8949999999995,0.11000000000001364,TUBE STEEL,HSSR,10 3/4 x 0.25,"D - Steel, Paint All",Fab/Layout
5335,152,151.92,771670,1,16.94,429.457,1,2,152,764.6399999999996,0.0800000000000125,TUBE STEEL,HSS,5 x 5 x 0.375,"D - Steel, Paint All",Weld
6334,32949,32871.55,795128,1,38.25,3653.525,1,20,32949,171033.98400000003,77.44999999999709,BEAM,W,18 x 35,"D - Steel, Paint All",Fab/Layout
789,333,332.06,897420,1,0.34,4.593,1,1,333,1330.848,0.9399999999999977,ANGLE,L,6 x 4 x 5/16,"D - Steel, Paint All",Fab/Layout
5900,492,492.18,803008,1,19.94,423.47,1,6,492,5345.7119999999995,-0.18000000000000682,PLATE,FB,1/4 x 6,"D - Steel, Paint All",Weld
2676,348221,362050.34,751409,1,40.0,41819.617,1,51,348221,12519460.008,-13829.340000000026,CRANE GIRDER,PL,1/4 x 1,"BS - Special Case/Steel, No Paint Beam Tops",Weld
2978,5857,5877.42,767706,1,56.63,9829.624,1,6,5857,9648.0,-20.420000000000073,BEAM,W,30 x 173,N - No Paint,Beam Cambering
591,7,7.0,903160,1,4.34,52.34,1,6,7,217.56959999999998,0.0,RAIL,PI,1 1/4SCH40,"D - Steel, Paint All",Material Handling
1028,8534,8565.55,897944,1,11.94,583.838,1,65,8534,64010.088,-31.549999999999272,STRINGER,MC,12 x 14.3,"D - Steel, Paint All",Fab/Layout
4298,5,5.0,782989,1,5.32,109.731,1,6,5,1577.592,0.0,ANGLE,L,5 x 3 1/2 x 1/4,N - No Paint,Material Handling
2383,289,290.0,899253,5,0.17,11.495,16,1,289,346.96799999999996,-1.0,BOLLARD,PI,8SCH40,G - Galvanized,Weld
871,5,5.0,897509,2,10.34,582.994,2,10,5,6842.16,0.0,CHANNEL,C,10 x 15.3,"D - Steel, Paint All",Material Handling
6016,9,9.0,809977,1,17.88,1002.282,1,13,9,14425.452000000003,0.0,BEAM,W,18 x 40,"B - Steel, No Paint Wide Flange Beam Tops",Material Handling
5861,3,3.0,802539,1,11.23,247.156,1,0,3,1588.788,0.0,BEAM,W,14 x 22,"D - Steel, Paint All",Material Handling
3335,110,109.91,768413,1,17.08,1784.764,1,11,110,4450.536,0.09000000000000341,COLUMN,W,12 x 72,N - No Paint,Material Handling
558,17,17.04,903109,1,6.39,54.326,1,5,17,58.788000000000004,-0.03999999999999915,RAIL,PI,1 1/4SCH40,"D - Steel, Paint All",Material Handling
2707,94428,95386.64,753102,1,53.97,9033.234,1,126,94428,1741918.932,-958.6399999999994,FRAME,W,10 x 45,"DS - Special Case/Steel, Paint All",Weld
6095,2438,2430.39,810475,3,18.57,337.165,10,1,2438,929.088,7.610000000000127,PLATE,PL,3/8 x 7 1/8,G - Galvanized,Weld
3750,1,1.0,769250,2,10.0,306.043,8,6,1,809.982,0.0,BENT PLATE,PL,3/8 x 21 1/4,N - No Paint,Material Handling
2987,15180,15276.61,767712,1,40.4,4847.54,1,12,15180,39385.26,-96.61000000000058,BEAM,W,30 x 116,N - No Paint,Weld
6364,10765,10733.83,795279,1,38.26,3635.561,1,20,10765,123914.88,31.170000000000073,BEAM,W,18 x 35,"D - Steel, Paint All",Weld
6161,1026,1026.9,816114,1,29.69,1044.618,1,9,1026,16152.408000000001,-0.900000000000091,COLUMN,W,8 x 35,"D - Steel, Paint All",Peddi Assembler
2075,1,1.0,705812,665,0.83,24.263,694,1,1,215.95726722847897,0.0,ANGLE,L,6 x 6 x 5/8,"D - Steel, Paint All",Material Handling
1079,10,10.0,899405,2,0.13,1.119,5,1,10,213.4224,0.0,TUBE STEEL,HSS,2 x 2 x 0.25,"B - Steel, No Paint Wide Flange Beam Tops",Material Handling
4322,1308,1315.47,783032,1,10.0,297.376,1,5,1308,5280.048000000001,-7.470000000000027,BENT PLATE,PL,3/8 x 14 3/4    §,N - No Paint,Fab/Layout
6314,18,17.91,795061,1,38.25,1286.168,1,3,18,14806.511999999999,0.08999999999999986,BEAM,W,10 x 33,"D - Steel, Paint All",Material Handling
6390,2384,2374.16,795357,2,19.06,642.461,2,2,2384,6257.628,9.840000000000146,BEAM,W,14 x 30,"DS - Special Case/Steel, Paint All",Fab/Layout
6279,1958,1959.22,794789,1,38.25,1286.168,1,3,1958,6039.54,-1.2200000000000273,BEAM,W,10 x 33,"D - Steel, Paint All",Fab/Layout
3825,1,1.0,769274,7,10.0,175.012,8,6,1,769.9815000000001,0.0,BENT PLATE,PL,3/8 x 11 1/4,N - No Paint,Material Handling
4443,16,16.0,776710,1,12.53,253.226,1,64,16,4438.536,0.0,RAIL,PI,1 1/4SCH40,"D - Steel, Paint All",Material Handling
722,5126,5119.02,792805,1,15.42,496.171,1,6,5126,6716.0160000000005,6.979999999999563,BEAM,W,14 x 22,"D - Steel, Paint All",Weld
4459,7942,7926.9,776783,1,14.06,71.091,1,75,7942,68224.86,15.100000000000364,RAIL,PI,1 1/4SCH40,"D - Steel, Paint All",Fab/Layout
4035,3,3.0,769492,7,7.74,117.521,7,4,3,2259.4422857142863,0.0,TUBE STEEL,HSS,4 x 4 x 0.25,G - Galvanized,Material Handling
966,5670,5674.31,897689,1,15.78,225.945,1,58,5670,2902.4999999999995,-4.3100000000004,RAIL,PI,1 1/4SCH40,"D - Steel, Paint All",Weld
1007,465,468.38,897852,1,16.43,231.88,1,58,465,21603.16799999999,-3.3799999999999955,RAIL,PI,1 1/4SCH40,"D - Steel, Paint All",Material Handling
3367,4,4.0,768593,1,10.59,317.585,1,7,4,3252.1679999999997,0.0,COLUMN,HSS,6 x 6 x 0.375,GF - Fabrication Req'd After Galvanizing,Material Handling
3719,176,177.22,769240,1,10.0,295.781,1,5,176,2640.0240000000003,-1.2199999999999989,BENT PLATE,PL,3/8 x 21 5/8,N - No Paint,Fab/Layout
6300,14036,14135.72,794958,1,38.24,3857.248,1,16,14036,110657.088,-99.71999999999935,BEAM,W,18 x 35,"D - Steel, Paint All",Weld
6504,7547,7554.1,796949,1,29.93,6573.292,1,53,7547,227971.7280000001,-7.100000000000364,COLUMN,W,14 x 61,"DS - Special Case/Steel, Paint All",Peddi Assembler
2833,180,179.61,767585,2,33.38,1870.717,2,6,180,8098.415999999999,0.38999999999998636,BEAM,W,24 x 55,N - No Paint,Fab/Layout
3165,5114,5105.98,767947,1,6.75,829.627,1,13,5114,3082.284,8.020000000000437,BEAM,W,30 x 108,N - No Paint,Weld
5149,489,487.28,770439,1,21.55,835.783,1,4,489,16645.608,1.7200000000000273,BEAM,W,16 x 26,"B - Steel, No Paint Wide Flange Beam Tops",Fab/Layout
5937,2775,2769.69,803065,1,11.5,275.925,1,5,2775,9055.224000000004,5.309999999999945,PLATE,FB,1/4 x 6,"D - Steel, Paint All",Weld
988,4471,4442.78,897808,1,12.46,178.025,1,45,4471,31666.607999999997,28.220000000000255,RAIL,PI,1 1/4SCH40,"D - Steel, Paint All",Fab/Layout
994,877,881.2,897836,1,17.34,64.941,1,7,877,3520.944,-4.2000000000000455,RAIL,PI,1 1/4SCH40,"D - Steel, Paint All",Fab/Layout
925,440,444.04,897624,1,0.67,12.658,2,1,440,1940.4359999999995,-4.0400000000000205,PLATE,PL,3/8 x 8,"D - Steel, Paint All",Fab/Layout
2975,55217,55575.28,767703,1,23.32,2119.48,1,3,55217,17926.272,-358.27999999999884,BEAM,W,30 x 90,N - No Paint,Fab/Layout
1976,4,4.0,705812,632,0.83,24.263,694,1,4,215.95726722847897,0.0,ANGLE,L,6 x 6 x 5/8,"D - Steel, Paint All",Material Handling
3328,17015,16808.31,768375,1,16.45,1701.154,1,9,17015,64242.288,206.6899999999987,COLUMN,W,12 x 72,N - No Paint,Weld
2517,18599,18656.72,903559,1,12.44,1153.717,1,76,18599,312459.58799999993,-57.720000000001164,STRINGER,C,12 x 20.7,"D - Steel, Paint All",Weld
1056,14420,14245.16,898109,1,16.58,808.61,1,87,14420,68610.56400000001,174.84000000000015,STRINGER,MC,12 x 14.3,"D - Steel, Paint All",Weld
4038,7,7.0,769499,1,16.88,313.341,1,4,7,2660.3999999999996,0.0,TUBE STEEL,HSS,4 x 4 x 0.375,N - No Paint,Material Handling
7277,4978,4971.46,865184,6,23.61,2205.586,13,4,4978,5872.118258823529,6.539999999999964,BEAM,W,30 x 90,"B - Steel, No Paint Wide Flange Beam Tops",Peddi Assembler
1072,4888,4878.36,899391,6,15.35,499.834,7,2,4888,1607.328,9.640000000000327,BEAM,W,14 x 22,"D - Steel, Paint All",Weld
711,9237,9224.01,792780,1,17.07,548.533,1,4,9237,11639.160000000002,12.989999999999782,BEAM,W,14 x 22,"D - Steel, Paint All",Fab/Layout
3034,635,632.06,767764,1,29.84,1807.911,1,4,635,8535.384,2.9400000000000546,BEAM,W,18 x 40,N - No Paint,Weld
2030,0,0.0,705812,650,0.83,24.263,694,1,0,215.95726722847897,0.0,ANGLE,L,6 x 6 x 5/8,"D - Steel, Paint All",Material Handling
869,7066,7069.06,897509,1,10.34,582.994,2,10,7066,21420.828,-3.0600000000004,CHANNEL,C,10 x 15.3,"D - Steel, Paint All",Weld
769,7930,7925.19,866841,1,8.88,683.126,1,2,7930,23532.876000000004,4.8100000000004,TUBE STEEL,HSS,10 x 6 x 0.375,"B - Steel, No Paint Wide Flange Beam Tops",Weld
5821,3,3.0,802504,2,16.5,341.55,2,0,3,1907.6040000000003,0.0,CHANNEL,C,12 x 20.7,"D - Steel, Paint All",Material Handling
2786,8,8.0,767546,1,33.16,3581.438,1,3,8,4142.628,0.0,BEAM,W,30 x 108,N - No Paint,Material Handling
3282,1,1.0,768172,1,20.0,269.613,1,1,1,1290.42,0.0,BENT PLATE,PL,3/8 x 10 1/4,N - No Paint,Material Handling
3177,461,468.82,767965,1,33.38,1868.165,1,5,461,1071.576,-7.819999999999993,BEAM,W,24 x 55,N - No Paint,Weld
3769,1228,1228.17,769250,8,10.0,306.043,8,6,1228,357.21,-0.17000000000007276,BENT PLATE,PL,3/8 x 21 1/4,N - No Paint,Weld
3164,3,3.0,767947,1,6.75,829.627,1,13,3,3840.6239999999993,0.0,BEAM,W,30 x 108,N - No Paint,Material Handling
2118,0,0.0,705812,679,0.83,24.263,694,1,0,448.7561219010208,0.0,ANGLE,L,6 x 6 x 5/8,"D - Steel, Paint All",Weld
1185,2956,2968.27,899423,3,2.48,37.474,20,2,2956,2049.1920000000023,-12.269999999999982,COLUMN,HSS,6 x 3 x 0.25,"DS - Special Case/Steel, Paint All",Fab/Layout
3126,1973,1969.33,767908,1,17.79,587.791,1,6,1973,19284.048,3.6700000000000728,BEAM,W,16 x 31,N - No Paint,Fab/Layout
5217,2393,2376.07,770774,1,11.32,404.916,1,2,2393,2981.268,16.929999999999836,BEAM,W,18 x 35,"B - Steel, No Paint Wide Flange Beam Tops",Fab/Layout
5772,13888,13863.48,802418,3,27.79,1709.433,3,6,13888,58402.26,24.520000000000437,BEAM,W,24 x 55,"B - Steel, No Paint Wide Flange Beam Tops",Fab/Layout
1215,142,142.04,899423,13,2.48,37.474,20,2,142,2049.1920000000023,-0.03999999999999204,COLUMN,HSS,6 x 3 x 0.25,"DS - Special Case/Steel, Paint All",Fab/Layout
3990,698,693.73,769465,4,16.88,313.341,4,4,698,1192.932,4.269999999999982,TUBE STEEL,HSS,4 x 4 x 0.375,N - No Paint,Weld
1197,28,28.05,899423,7,2.48,37.474,20,2,28,2049.1920000000023,-0.05000000000000071,COLUMN,HSS,6 x 3 x 0.25,"DS - Special Case/Steel, Paint All",Fab/Layout
6170,7511,7519.86,816163,1,29.3,1171.238,1,10,7511,19266.300000000003,-8.859999999999673,COLUMN,W,8 x 35,"D - Steel, Paint All",Peddi Assembler
3704,723,726.14,769234,1,10.0,297.376,3,5,723,1319.9999999999998,-3.1399999999999864,BENT PLATE,PL,3/8 x 13 3/4,N - No Paint,Fab/Layout
3147,1676,1676.68,767925,1,12.49,447.526,1,2,1676,2645.5679999999998,-0.6800000000000637,BEAM,W,18 x 35,N - No Paint,Weld
527,6551,6561.18,903052,1,4.24,49.101,1,6,6551,5338.152,-10.180000000000291,RAIL,PI,1 1/4SCH40,"D - Steel, Paint All",Fab/Layout
4469,699,693.6,776794,1,10.99,112.205,1,37,699,7946.496,5.399999999999977,RAIL,PI,1 1/4SCH40,"D - Steel, Paint All",Material Handling
6150,1,1.0,816065,1,29.1,1142.094,1,9,1,4318.0560000000005,0.0,COLUMN,W,10 x 39,"D - Steel, Paint All",Material Handling
1033,24235,24175.74,897987,1,13.36,651.725,1,72,24235,103229.64000000001,59.2599999999984,STRINGER,MC,12 x 14.3,"D - Steel, Paint All",Fab/Layout
2392,464,467.16,899253,8,0.17,11.495,16,1,464,693.9359999999999,-3.160000000000025,BOLLARD,PI,8SCH40,G - Galvanized,Weld
2090,0,0.0,705812,670,0.83,24.263,694,1,0,215.95726722847897,0.0,ANGLE,L,6 x 6 x 5/8,"D - Steel, Paint All",Material Handling
6039,2,2.0,810196,1,29.06,1750.465,4,17,2,6523.451999999998,0.0,COLUMN,W,12 x 53,"D - Steel, Paint All",Material Handling
1109,180,178.12,899409,4,0.13,1.119,5,1,180,109.872,1.8799999999999955,TUBE STEEL,HSS,2 x 2 x 0.25,"B - Steel, No Paint Wide Flange Beam Tops",Weld
6496,22516,22240.47,796904,2,19.31,1782.692,2,24,22516,100053.072,275.52999999999884,COLUMN,W,24 x 76,"D - Steel, Paint All",Weld
743,237,238.17,866813,1,0.58,8.612,4,1,237,3532.9680000000003,-1.1699999999999875,PLATE,PL,1/2 x 7,"B - Steel, No Paint Wide Flange Beam Tops",Fab/Layout
748,197,196.6,866813,2,0.58,8.612,4,1,197,125.46,0.4000000000000057,PLATE,PL,1/2 x 7,"B - Steel, No Paint Wide Flange Beam Tops",Weld
5934,43,42.7,803061,1,19.86,428.918,1,6,43,7714.476000000001,0.29999999999999716,PLATE,FB,1/4 x 6,"D - Steel, Paint All",Material Handling
3988,3792,3786.93,769465,4,16.88,313.341,4,4,3792,6952.554,5.070000000000164,TUBE STEEL,HSS,4 x 4 x 0.375,N - No Paint,Fab/Layout
534,8,8.0,903062,1,23.55,180.099,1,16,8,115.452,0.0,RAIL,PI,1 1/4SCH40,"D - Steel, Paint All",Material Handling
467,4748,4763.78,837007,1,47.08,2701.361,1,22,4748,14659.055999999999,-15.779999999999745,BEAM,W,21 x 55,"DS - Special Case/Steel, Paint All",Peddi Assembler
3666,1431,1434.16,769207,1,10.0,297.376,1,5,1431,1320.012,-3.160000000000082,BENT PLATE,PL,3/8 x 14 3/4    §,N - No Paint,Fab/Layout
3304,10,10.0,768187,1,7.25,337.497,1,3,10,2281.752,0.0,BEAM,W,16 x 31,N - No Paint,Material Handling
2760,1,1.0,767506,1,19.88,443.107,1,2,1,2396.5200000000004,0.0,BEAM,W,14 x 22,N - No Paint,Material Handling
1228,4,4.0,899423,17,2.48,37.474,20,2,4,1286.7119999999998,0.0,COLUMN,HSS,6 x 3 x 0.25,"DS - Special Case/Steel, Paint All",Material Handling
1080,103,100.91,899405,2,0.13,1.119,5,1,103,109.872,2.0900000000000034,TUBE STEEL,HSS,2 x 2 x 0.25,"B - Steel, No Paint Wide Flange Beam Tops",Weld
3911,1105,1107.04,769344,3,10.0,187.284,7,6,1105,762.6342857142856,-2.0399999999999636,BENT PLATE,PL,3/8 x 13 1/4,N - No Paint,Weld
3831,7,7.0,769277,1,8.58,132.907,1,3,7,641.88,0.0,BENT PLATE,PL,3/8 x 11 1/4,N - No Paint,Material Handling
1076,232,231.08,899405,1,0.13,1.119,5,1,232,213.4224,0.9199999999999875,TUBE STEEL,HSS,2 x 2 x 0.25,"B - Steel, No Paint Wide Flange Beam Tops",Material Handling
2863,5684,5704.18,767610,1,26.91,2921.751,1,4,5684,19289.232,-20.18000000000029,BEAM,W,30 x 108,N - No Paint,Weld
2815,4444,4437.81,767572,1,56.63,8487.377,1,14,4444,21203.28,6.1899999999996,BEAM,W,30 x 148,N - No Paint,Weld
3758,53,53.02,769250,5,10.0,306.043,8,6,53,2084.6610000000005,-0.020000000000003126,BENT PLATE,PL,3/8 x 21 1/4,N - No Paint,Fab/Layout
4960,94,93.91,905699,3,1.33,23.819,7,0,94,800.0022857142856,0.09000000000000341,EMBED,PL,3/4 x 7,G - Galvanized,Fab/Layout
3621,2106,2106.29,769138,1,10.0,171.407,1,9,2106,13880.268,-0.2899999999999636,BENT PLATE,PL,3/8 x 10 3/4,N - No Paint,Fab/Layout
6159,4546,4549.35,816104,1,29.3,1171.238,1,10,4546,18487.188,-3.350000000000364,COLUMN,W,8 x 35,"D - Steel, Paint All",Peddi Assembler
4022,168,168.96,769492,2,7.74,117.521,7,4,168,106.0971428571426,-0.960000000000008,TUBE STEEL,HSS,4 x 4 x 0.25,G - Galvanized,Weld
6318,16174,16245.41,795064,1,39.46,10125.622,1,10,16174,202306.896,-71.40999999999985,BEAM,W,40 x 249,"DS - Special Case/Steel, Paint All",Weld
2063,0,0.0,705812,661,0.83,24.263,694,1,0,215.95726722847897,0.0,ANGLE,L,6 x 6 x 5/8,"D - Steel, Paint All",Material Handling
5717,2709,2717.51,802153,1,26.5,1211.922,1,4,2709,9658.332,-8.510000000000218,BEAM,W,21 x 44,"D - Steel, Paint All",Fab/Layout
724,11,11.0,792811,1,6.32,203.404,1,2,11,4753.512,0.0,BEAM,W,14 x 22,"D - Steel, Paint All",Material Handling
4446,12834,12828.34,776737,1,12.63,392.718,1,118,12834,26178.624,5.6599999999998545,RAIL,PI,1 1/4SCH40,"D - Steel, Paint All",Weld
2524,29888,29955.18,903612,1,12.84,1163.381,1,76,29888,780387.8400000001,-67.18000000000029,STRINGER,C,12 x 20.7,"D - Steel, Paint All",Fab/Layout
5271,4199,4209.86,771268,1,14.02,280.878,1,3,4199,2831.6159999999995,-10.859999999999673,COLUMN,HSS,5 x 5 x 0.313,"D - Steel, Paint All",Weld
1035,7752,7741.2,898000,1,17.46,897.648,1,92,7752,54347.922,10.800000000000182,STRINGER,MC,12 x 14.3,"D - Steel, Paint All",Fab/Layout
5874,144,143.86,802965,1,2.88,67.676,1,1,144,189.32399999999998,0.13999999999998636,BENT PLATE,PL,1/4 x 27    §,"B - Steel, No Paint Wide Flange Beam Tops",Weld
897,260,259.84,897579,1,6.38,51.179,1,1,260,290.23199999999997,0.160000000000025,COLUMN,L,3 x 3 x 3/8,"D - Steel, Paint All",Weld
5266,332,330.45,771264,1,12.98,249.078,1,3,332,7720.344,1.5500000000000114,COLUMN,HSS,5 x 5 x 0.313,"D - Steel, Paint All",Fab/Layout
3264,4,4.0,768167,5,10.0,110.648,8,6,4,767.4209999999999,0.0,BENT PLATE,PL,3/8 x 11 1/4,N - No Paint,Material Handling
2064,1,1.0,705812,661,0.83,24.263,694,1,1,448.7561219010208,0.0,ANGLE,L,6 x 6 x 5/8,"D - Steel, Paint All",Weld
3283,247,246.63,768172,1,20.0,269.613,1,1,247,708.8040000000001,0.37000000000000455,BENT PLATE,PL,3/8 x 10 1/4,N - No Paint,Weld
2902,12,12.0,767637,2,33.99,1495.542,2,0,12,6236.856000000001,0.0,BEAM,W,21 x 44,N - No Paint,Material Handling
6127,0,0.0,810498,2,16.96,307.19,2,1,0,2171.124,0.0,PLATE,PL,3/8 x 7 1/8,G - Galvanized,Material Handling
733,126,124.89,811365,1,18.5,67.578,2,7,126,1126.656,1.1099999999999994,RAIL,PI,1 1/4SCH40,"D - Steel, Paint All",Material Handling
3993,2976,2977.88,769467,1,7.93,205.47,1,1,2976,401.832,-1.8800000000001091,TUBE STEEL,HSS,6 x 4 x 0.25,N - No Paint,Weld
5275,3079,3068.25,771432,1,29.08,1592.706,1,22,3079,72033.84,10.75,COLUMN,W,12 x 53,"D - Steel, Paint All",Fab/Layout
3352,8958,9003.01,768487,1,17.15,1231.1,1,9,8958,32520.204,-45.01000000000022,COLUMN,W,12 x 58,N - No Paint,Weld
7355,4,4.0,837518,39,12.0,261.57,45,11,4,178.60392165898583,0.0,CHANNEL,C,6 x 10.5,N - No Paint,Weld
4040,1291,1293.01,769501,1,10.42,241.675,1,1,1291,4887.936000000001,-2.009999999999991,TUBE STEEL,HSS,6 x 4 x 0.25,N - No Paint,Fab/Layout
7044,26506,26519.11,822621,1,39.46,10125.64,1,10,26506,68762.412,-13.110000000000582,BEAM,W,40 x 249,"DS - Special Case/Steel, Paint All",Weld
3425,2651,2658.13,768821,2,10.59,317.585,4,7,2651,19847.700000000004,-7.130000000000109,COLUMN,HSS,6 x 6 x 0.375,GF - Fabrication Req'd After Galvanizing,Fab/Layout
3353,1351,1350.48,768515,1,17.15,1132.81,1,8,1351,14702.111999999997,0.5199999999999818,COLUMN,W,12 x 58,N - No Paint,Fab/Layout
7162,13,13.03,823000,1,17.64,261.224,2,6,13,10678.176,-0.02999999999999936,TUBE STEEL,HSSR,6 5/8 x 0.188,"D - Steel, Paint All",Material Handling
5850,3,3.0,802513,2,9.58,198.375,2,0,3,1485.216,0.0,CHANNEL,C,12 x 20.7,"D - Steel, Paint All",Material Handling
6299,71,71.33,794958,1,38.24,3857.248,1,16,71,29914.128,-0.3299999999999983,BEAM,W,18 x 35,"D - Steel, Paint All",Material Handling
1960,979,984.11,705812,627,0.83,24.263,694,1,979,1506.595534088269,-5.110000000000014,ANGLE,L,6 x 6 x 5/8,"D - Steel, Paint All",Fab/Layout
5751,6,6.0,802384,1,15.03,358.749,1,3,6,5240.951999999999,0.0,BEAM,W,14 x 22,"D - Steel, Paint All",Material Handling
5883,468,469.28,802985,1,2.05,31.165,1,1,468,94.644,-1.2799999999999727,BENT PLATE,PL,1/4 x 17 3/8    §,"B - Steel, No Paint Wide Flange Beam Tops",Weld
3189,6958,6963.12,768061,1,42.4,3915.909,1,15,6958,27091.512000000002,-5.119999999999891,BEAM,W,30 x 90,N - No Paint,Fab/Layout
3131,1482,1486.87,767912,1,18.52,747.396,1,4,1482,6352.056,-4.869999999999891,BEAM,W,16 x 26,N - No Paint,Weld
6669,11,11.0,797535,2,16.57,230.145,2,6,11,7832.376,0.0,TUBE STEEL,HSSR,6 5/8 x 0.188,"D - Steel, Paint All",Material Handling
2787,2897,2891.67,767546,1,33.16,3581.438,1,3,2897,6680.772,5.329999999999927,BEAM,W,30 x 108,N - No Paint,Weld
3786,694,694.03,769268,1,10.0,216.398,1,4,694,1320.012,-0.029999999999972715,BENT PLATE,PL,3/8 x 15 7/8    §,N - No Paint,Fab/Layout
3603,883,883.55,769114,1,7.13,127.708,1,8,883,2679.12,-0.5499999999999545,BENT PLATE,PL,3/8 x 10 3/4    §,N - No Paint,Weld
2387,142,141.66,899253,7,0.17,11.495,16,1,142,1494.6614999999997,0.3400000000000034,BOLLARD,PI,8SCH40,G - Galvanized,Fab/Layout
2369,561,559.75,899253,1,0.17,11.495,16,1,561,1494.6614999999997,1.25,BOLLARD,PI,8SCH40,G - Galvanized,Fab/Layout
1110,16,15.97,899409,5,0.13,1.119,5,1,16,1040.3208,0.02999999999999936,TUBE STEEL,HSS,2 x 2 x 0.25,"B - Steel, No Paint Wide Flange Beam Tops",Fab/Layout
6650,5355,5324.3,797446,1,17.07,236.615,1,6,5355,6180.228,30.699999999999818,TUBE STEEL,HSSR,6 5/8 x 0.188,"D - Steel, Paint All",Fab/Layout
6374,20761,20893.59,795299,1,38.25,3654.573,1,20,20761,431427.27599999995,-132.59000000000015,BEAM,W,18 x 35,"D - Steel, Paint All",Fab/Layout
6682,1299,1289.56,797575,2,25.04,910.835,3,6,1299,2009.16,9.440000000000055,TUBE STEEL,HSS,10 x 4 x 0.375,"D - Steel, Paint All",Weld
959,620,621.54,897656,1,7.74,170.862,1,48,620,17664.552000000003,-1.5399999999999636,RAIL,PI,1 1/4SCH40,"D - Steel, Paint All",Material Handling
1979,6,6.0,705812,633,0.83,24.263,694,1,6,215.95726722847897,0.0,ANGLE,L,6 x 6 x 5/8,"D - Steel, Paint All",Material Handling
837,200,200.57,897444,3,0.34,4.455,3,1,200,1053.432,-0.5699999999999932,ANGLE,L,6 x 4 x 5/16,"D - Steel, Paint All",Fab/Layout
3204,4,4.0,768094,1,56.66,22874.99,1,116,4,47375.855999999985,0.0,BEAM,W,12 x 170,N - No Paint,Material Handling
525,5,5.0,903047,1,19.33,130.123,1,10,5,113.346,0.0,RAIL,PI,1 1/4SCH40,"D - Steel, Paint All",Material Handling
2914,14,14.01,767642,1,33.2,3990.649,1,50,14,25742.376,-0.009999999999999787,BEAM,W,30 x 108,N - No Paint,Material Handling
818,150,149.85,897438,1,1.55,16.847,3,1,150,115.81199999999998,0.15000000000000568,ANGLE,L,6 x 4 x 5/16,"D - Steel, Paint All",Weld
519,7,7.0,903035,2,19.43,130.17,2,10,7,115.848,0.0,RAIL,PI,1 1/4SCH40,"D - Steel, Paint All",Material Handling
786,654,657.52,897418,1,1.55,16.985,1,1,654,1403.136,-3.519999999999982,ANGLE,L,6 x 4 x 5/16,"D - Steel, Paint All",Fab/Layout
2018,4,4.0,705812,646,0.83,24.263,694,1,4,215.95726722847897,0.0,ANGLE,L,6 x 6 x 5/8,"D - Steel, Paint All",Material Handling
5825,5,5.0,802506,1,17.11,354.272,2,0,5,1945.152,0.0,CHANNEL,C,12 x 20.7,"D - Steel, Paint All",Material Handling
7257,1,1.0,812866,1,23.61,2176.395,1,14,1,13444.848,0.0,BEAM,W,30 x 90,"B - Steel, No Paint Wide Flange Beam Tops",Material Handling
3619,4816,4814.33,769135,1,9.55,95.367,1,10,4816,21706.272,1.6700000000000728,BENT PLATE,PL,3/8 x 10 3/4,N - No Paint,Fab/Layout
6516,6,6.0,797137,1,29.93,6816.153,1,56,6,64442.87999999999,0.0,COLUMN,W,14 x 68,"DS - Special Case/Steel, Paint All",Material Handling
5864,10,10.0,802541,1,9.58,198.375,1,0,10,1485.072,0.0,CHANNEL,C,12 x 20.7,"D - Steel, Paint All",Material Handling
2374,343,343.88,899253,2,0.17,11.495,16,1,343,346.96799999999996,-0.8799999999999955,BOLLARD,PI,8SCH40,G - Galvanized,Weld
3244,1600,1602.71,768159,1,19.88,607.735,2,4,1600,1607.4360000000001,-2.7100000000000364,BEAM,W,14 x 30,N - No Paint,Weld
7262,1,1.0,812956,1,23.85,995.551,1,4,1,3050.1360000000004,0.0,BEAM,W,18 x 40,"B - Steel, No Paint Wide Flange Beam Tops",Material Handling
6622,3,3.0,797433,1,17.64,244.635,1,6,3,2669.544,0.0,TUBE STEEL,HSSR,6 5/8 x 0.188,"D - Steel, Paint All",Material Handling
6634,3,3.0,797435,4,17.64,244.635,4,6,3,2669.5260000000003,0.0,TUBE STEEL,HSSR,6 5/8 x 0.188,"D - Steel, Paint All",Material Handling
5361,6233,6249.31,771737,1,39.77,4601.208,1,16,6233,48144.024000000005,-16.3100000000004,TUBE STEEL,HSS,20 x 8 x 0.625,"D - Steel, Paint All",Fab/Layout
3308,4993,4985.61,768205,1,27.04,2951.127,1,4,4993,5401.152,7.390000000000327,BEAM,W,30 x 108,N - No Paint,Fab/Layout
1070,734,739.54,899391,5,15.35,499.834,7,2,734,1607.328,-5.539999999999964,BEAM,W,14 x 22,"D - Steel, Paint All",Weld
1078,13,13.03,899405,2,0.13,1.119,5,1,13,1040.3208,-0.02999999999999936,TUBE STEEL,HSS,2 x 2 x 0.25,"B - Steel, No Paint Wide Flange Beam Tops",Fab/Layout
5191,2826,2829.06,770754,1,31.32,1812.511,1,15,2826,111347.64,-3.0599999999999454,BEAM,W,24 x 55,"D - Steel, Paint All",Fab/Layout
1945,686,693.52,705812,622,0.83,24.263,694,1,686,1506.595534088269,-7.519999999999982,ANGLE,L,6 x 6 x 5/8,"D - Steel, Paint All",Fab/Layout
982,5318,5326.55,897778,1,14.24,209.496,1,54,5318,28094.796,-8.550000000000182,RAIL,PI,1 1/4SCH40,"D - Steel, Paint All",Fab/Layout
5101,3558,3569.51,769888,1,26.95,593.289,1,4,3558,14649.768,-11.510000000000218,BEAM,W,14 x 22,"D - Steel, Paint All",Fab/Layout
2886,1416,1414.79,767631,1,33.99,1499.37,1,1,1416,5400.0,1.2100000000000364,BEAM,W,21 x 44,N - No Paint,Beam Cambering
2880,1203,1189.1,767626,1,26.91,943.177,1,2,1203,1607.4360000000001,13.900000000000091,BEAM,W,30 x 108,N - No Paint,Weld
5124,4,4.0,770117,1,25.45,559.969,1,2,4,4423.752,0.0,BEAM,W,14 x 22,"D - Steel, Paint All",Material Handling
6450,51271,51914.69,796483,1,29.87,7893.41,1,42,51271,1105095.1679999996,-643.6900000000023,COLUMN,W,14 x 68,"DS - Special Case/Steel, Paint All",Weld
3627,2,2.0,769144,1,10.0,174.641,1,10,2,1612.4759999999999,0.0,BENT PLATE,PL,3/8 x 10 3/4,N - No Paint,Material Handling
3587,0,0.0,769097,1,1.18,44.203,1,1,0,384.264,0.0,BENT PLATE,PL,3/8 x 12 1/4,N - No Paint,Material Handling
2106,0,0.0,705812,675,0.83,24.263,694,1,0,448.7561219010208,0.0,ANGLE,L,6 x 6 x 5/8,"D - Steel, Paint All",Weld
5301,2,2.0,771480,25,5.0,256.812,25,0,2,343.2599999999996,0.0,PLATE,PL,3/8 x 20 1/8,"D - Steel, Paint All",Material Handling
5754,4,4.0,802386,1,14.58,348.895,2,3,4,2593.1880000000006,0.0,BEAM,W,14 x 22,"D - Steel, Paint All",Material Handling
5276,5,5.0,771432,1,29.08,1592.706,1,22,5,14854.248000000001,0.0,COLUMN,W,12 x 53,"D - Steel, Paint All",Material Handling
3202,35,34.29,768094,1,56.66,22874.99,1,116,35,10956.24,0.7100000000000009,BEAM,W,12 x 170,N - No Paint,Cut
3673,0,0.0,769211,1,10.0,310.137,1,5,0,609.012,0.0,BENT PLATE,PL,3/8 x 15 3/4,N - No Paint,Material Handling
1975,727,727.09,705812,632,0.83,24.263,694,1,727,1506.595534088269,-0.09000000000003183,ANGLE,L,6 x 6 x 5/8,"D - Steel, Paint All",Fab/Layout
4481,745,743.58,903330,3,2.48,26.003,10,4,745,473.1624,1.419999999999959,CHANNEL,C,4 x 7.25,G - Galvanized,Weld
3120,7,7.0,767903,1,32.68,3534.23,1,1,7,3808.8719999999985,0.0,BEAM,W,30 x 108,N - No Paint,Material Handling
6664,13121,13101.37,797525,1,37.08,1810.724,1,8,13121,58261.32000000001,19.6299999999992,TUBE STEEL,HSSR,12 3/4 x 0.25,"D - Steel, Paint All",Weld
3122,6133,6140.72,767906,1,33.18,862.604,1,2,6133,9304.776000000002,-7.720000000000255,BEAM,W,16 x 26,N - No Paint,Fab/Layout
3180,11536,11530.67,767970,1,25.54,2575.752,1,36,11536,19455.336000000003,5.329999999999927,BEAM,W,30 x 90,N - No Paint,Weld
3421,25,25.56,768817,1,1.43,35.299,1,3,25,1203.2279999999996,-0.5599999999999987,COLUMN,HSS,4 x 4 x 0.25,GF - Fabrication Req'd After Galvanizing,Weld
3622,2,2.0,769138,1,10.0,171.407,1,9,2,1271.3400000000001,0.0,BENT PLATE,PL,3/8 x 10 3/4,N - No Paint,Material Handling
1048,7028,7028.56,898078,1,14.26,733.605,1,77,7028,48818.97,-0.5600000000004002,STRINGER,MC,12 x 14.3,"D - Steel, Paint All",Fab/Layout
5785,1720,1715.66,802454,1,18.54,580.194,1,2,1720,35660.592000000004,4.339999999999918,BEAM,W,14 x 22,"D - Steel, Paint All",Fab/Layout
754,196,196.13,866813,4,0.58,8.612,4,1,196,125.46,-0.12999999999999545,PLATE,PL,1/2 x 7,"B - Steel, No Paint Wide Flange Beam Tops",Weld
2389,324,321.65,899253,7,0.17,11.495,16,1,324,346.96799999999996,2.3500000000000227,BOLLARD,PI,8SCH40,G - Galvanized,Weld
532,22,22.07,903058,1,1.32,22.889,1,3,22,314.964,-0.07000000000000028,RAIL,PI,1 1/4SCH40,"D - Steel, Paint All",Weld
4013,468,468.41,769491,1,9.3,133.165,2,4,468,343.692,-0.410000000000025,TUBE STEEL,HSS,4 x 4 x 0.25,G - Galvanized,Weld
586,5034,5042.33,903149,1,3.98,48.261,1,6,5034,929.5559999999999,-8.329999999999927,RAIL,PI,1 1/4SCH40,"D - Steel, Paint All",Weld
5891,137,136.65,802993,1,3.83,57.492,1,1,137,189.32399999999998,0.3499999999999943,BENT PLATE,PL,1/4 x 17 3/8    §,"B - Steel, No Paint Wide Flange Beam Tops",Weld
787,96,95.94,897418,1,1.55,16.985,1,1,96,245.19599999999966,0.060000000000002274,ANGLE,L,6 x 4 x 5/16,"D - Steel, Paint All",Material Handling
6510,23748,24029.99,797074,1,29.87,10348.791,1,50,23748,27100.367999999995,-281.9900000000016,COLUMN,W,14 x 90,"DS - Special Case/Steel, Paint All",Material Handling
3309,13,13.05,768205,1,27.04,2951.127,1,4,13,7853.616000000001,-0.05000000000000071,BEAM,W,30 x 108,N - No Paint,Material Handling
5334,1196,1189.47,771670,1,16.94,429.457,1,2,1196,6014.664,6.529999999999973,TUBE STEEL,HSS,5 x 5 x 0.375,"D - Steel, Paint All",Fab/Layout
7242,9241,9235.53,862754,1,25.04,838.857,1,6,9241,12640.248,5.469999999999345,TUBE STEEL,HSS,10 x 4 x 0.375,"D - Steel, Paint All",Fab/Layout
5207,1634,1633.72,770761,1,11.32,400.609,1,16,1634,13656.312,0.2799999999999727,BEAM,W,18 x 35,"B - Steel, No Paint Wide Flange Beam Tops",Weld
5691,829,828.43,785681,2,8.67,190.846,2,2,829,444.852,0.57000000000005,BENT PLATE,PL,1/4 x 25,"B - Steel, No Paint Wide Flange Beam Tops",Weld
3332,141,141.77,768396,1,17.04,1826.616,1,7,141,3679.8480000000004,-0.7700000000000102,COLUMN,W,12 x 79,N - No Paint,Material Handling
3236,80,79.45,768149,1,25.63,576.625,1,6,80,3202.8840000000005,0.5499999999999972,BEAM,W,12 x 22,N - No Paint,Material Handling
2877,5485,5460.69,767623,1,26.91,2921.189,1,4,5485,3214.8720000000003,24.3100000000004,BEAM,W,30 x 108,N - No Paint,Weld
3796,3,3.0,769270,3,10.0,219.853,5,5,3,609.4944,0.0,BENT PLATE,PL,3/8 x 15 7/8,N - No Paint,Material Handling
2812,3756,3757.55,767572,1,56.63,8487.377,1,14,3756,4824.0,-1.550000000000182,BEAM,W,30 x 148,N - No Paint,Beam Cambering
6683,2641,2654.82,797575,3,25.04,910.835,3,6,2641,5682.4800000000005,-13.820000000000164,TUBE STEEL,HSS,10 x 4 x 0.375,"D - Steel, Paint All",Fab/Layout
1077,531,534.25,899405,1,0.13,1.119,5,1,531,109.872,-3.25,TUBE STEEL,HSS,2 x 2 x 0.25,"B - Steel, No Paint Wide Flange Beam Tops",Weld
5755,2121,2109.97,802386,1,14.58,348.895,2,3,2121,705.2040000000001,11.0300000000002,BEAM,W,14 x 22,"D - Steel, Paint All",Weld
580,1353,1352.52,903140,1,4.07,26.885,2,2,1353,1323.576,0.4800000000000182,RAIL,PI,1 1/4SCH40,"D - Steel, Paint All",Weld
3843,3365,3366.94,769291,1,10.02,315.36,1,8,3365,12927.887999999999,-1.9400000000000546,BENT PLATE,PL,3/8 x 21 3/4    §,N - No Paint,Fab/Layout
4227,21,20.66,776415,2,33.36,892.522,2,6,21,3854.1599999999985,0.33999999999999986,BEAM,W,16 x 26,N - No Paint,Material Handling
2696,122816,124934.71,752462,1,33.83,38696.882,1,62,122816,4034313.9719999996,-2118.7100000000064,FRAME_COLUMN,W,14 x 455,"DS - Special Case/Steel, Paint All",Weld
755,776,779.08,866820,1,4.62,65.883,1,1,776,3020.832,-3.080000000000041,TUBE STEEL,HSS,4 x 4 x 0.25,"B - Steel, No Paint Wide Flange Beam Tops",Fab/Layout
3813,862,861.24,769274,3,10.0,175.012,8,6,862,2084.661,0.7599999999999909,BENT PLATE,PL,3/8 x 11 1/4,N - No Paint,Fab/Layout
3838,11,11.0,769285,1,10.02,140.273,1,4,11,1473.624,0.0,BENT PLATE,PL,3/8 x 13 1/4    §,N - No Paint,Material Handling
3917,29,28.86,769344,5,10.0,187.284,7,6,29,762.6342857142856,0.14000000000000057,BENT PLATE,PL,3/8 x 13 1/4,N - No Paint,Weld
523,3263,3269.11,903040,1,15.54,104.136,1,8,3263,945.0360000000001,-6.110000000000127,RAIL,PI,1 1/4SCH40,"D - Steel, Paint All",Weld
899,185,185.3,897586,1,6.38,51.179,1,1,185,469.51200000000006,-0.30000000000001137,COLUMN,L,3 x 3 x 3/8,"D - Steel, Paint All",Material Handling
6301,55437,56145.3,794968,1,38.23,3858.714,1,16,55437,545246.46,-708.3000000000029,BEAM,W,18 x 35,"D - Steel, Paint All",Fab/Layout
4305,2538,2523.31,783019,1,10.0,297.376,1,5,2538,2640.0240000000003,14.690000000000055,BENT PLATE,PL,3/8 x 14 3/4    §,N - No Paint,Fab/Layout
3389,1104,1105.79,768653,1,52.75,4024.977,1,19,1104,23573.699999999993,-1.7899999999999636,COLUMN,W,12 x 72,N - No Paint,Material Handling
2091,237,237.53,705812,670,0.83,24.263,694,1,237,448.7561219010208,-0.5300000000000011,ANGLE,L,6 x 6 x 5/8,"D - Steel, Paint All",Weld
820,40,39.79,897438,2,1.55,16.847,3,1,40,245.08799999999965,0.21000000000000085,ANGLE,L,6 x 4 x 5/16,"D - Steel, Paint All",Material Handling
2023,709,711.57,705812,648,0.83,24.263,694,1,709,1506.595534088269,-2.57000000000005,ANGLE,L,6 x 6 x 5/8,"D - Steel, Paint All",Fab/Layout
6410,1637,1637.48,795363,2,12.34,171.605,10,4,1637,1251.2069999999997,-0.4800000000000182,CHANNEL,C,10 x 15.3,"D - Steel, Paint All",Weld
4046,262,260.33,769521,1,16.88,302.341,1,2,262,596.448,1.670000000000016,TUBE STEEL,HSS,4 x 4 x 0.375,N - No Paint,Weld
5279,21,20.7,771470,45,0.17,0.087,131,0,21,14.4,0.3000000000000007,PLATE WASHER,PL,1/4 x 2,"D - Steel, Paint All",Material Handling
683,19,18.97,792513,1,9.15,126.842,2,3,19,1853.136,0.030000000000001137,BEAM,W,10 x 12,N - No Paint,Material Handling
6100,1,1.0,810475,5,18.57,337.165,10,1,1,2368.985142857143,0.0,PLATE,PL,3/8 x 7 1/8,G - Galvanized,Material Handling
4483,4,4.0,903330,4,2.48,26.003,10,4,4,1694.0592,0.0,CHANNEL,C,4 x 7.25,G - Galvanized,Material Handling
2836,987,991.91,767590,1,33.16,1831.537,1,2,987,9062.928,-4.909999999999968,BEAM,W,24 x 55,N - No Paint,Fab/Layout
6679,3437,3435.88,797575,2,25.04,910.835,3,6,3437,11364.960000000001,1.1199999999998909,TUBE STEEL,HSS,10 x 4 x 0.375,"D - Steel, Paint All",Fab/Layout
6129,7106,7122.94,810508,1,17.52,317.229,1,1,7106,12409.055999999999,-16.9399999999996,PLATE,PL,3/8 x 7 1/8,G - Galvanized,Fab/Layout
1104,90,89.67,899409,3,0.13,1.119,5,1,90,1040.3208,0.3299999999999983,TUBE STEEL,HSS,2 x 2 x 0.25,"B - Steel, No Paint Wide Flange Beam Tops",Fab/Layout
3692,2742,2739.11,769222,1,10.0,172.44,2,6,2742,11433.240000000002,2.8899999999998727,BENT PLATE,PL,3/8 x 13 1/4,N - No Paint,Fab/Layout
5898,5004,5005.8,803005,1,16.2,385.296,1,6,5004,23147.28,-1.800000000000182,PLATE,FB,1/4 x 6,"D - Steel, Paint All",Weld
3989,135,134.04,769465,4,16.88,313.341,4,4,135,5320.800000000001,0.960000000000008,TUBE STEEL,HSS,4 x 4 x 0.375,N - No Paint,Material Handling
5102,2354,2348.93,769888,1,26.95,593.289,1,4,2354,5061.6720000000005,5.070000000000164,BEAM,W,14 x 22,"D - Steel, Paint All",Weld
2497,4208,4216.15,903525,1,4.14,120.292,1,31,4208,19050.876000000004,-8.149999999999636,RAIL,PI,1 1/2SCH40,"D - Steel, Paint All",Fab/Layout
5871,936,936.12,802924,1,13.83,238.248,1,4,936,1955.5919999999996,-0.12000000000000455,COLUMN,HSS,5 x 5 x 0.25,"D - Steel, Paint All",Weld
3965,649,646.93,769453,1,9.5,201.303,1,3,649,5159.951999999999,2.07000000000005,BENT PLATE,PL,3/8 x 14 3/4,N - No Paint,Fab/Layout
2334,67,67.37,899251,1,6.99,201.981,16,2,67,136.6965,-0.37000000000000455,BOLLARD,PI,8SCH40,G - Galvanized,Weld
2500,1651,1649.52,903533,1,15.35,60.437,1,7,1651,3282.408,1.4800000000000182,RAIL,PI,1 1/4SCH40,"D - Steel, Paint All",Fab/Layout
4444,15781,15707.52,776737,1,12.63,392.718,1,118,15781,99000.18000000001,73.47999999999956,RAIL,PI,1 1/4SCH40,"D - Steel, Paint All",Fab/Layout
6624,2525,2522.49,797435,1,17.64,244.635,4,6,2525,5809.977000000001,2.5100000000002183,TUBE STEEL,HSSR,6 5/8 x 0.188,"D - Steel, Paint All",Fab/Layout
6442,19288,19241.14,796014,1,48.44,3520.03,1,20,19288,24044.256,46.86000000000058,COLUMN,W,24 x 68,"DS - Special Case/Steel, Paint All",Weld
770,840,839.63,866844,1,6.13,93.721,1,1,840,2923.632,0.37000000000000455,TUBE STEEL,HSS,4 x 4 x 0.25,"B - Steel, No Paint Wide Flange Beam Tops",Fab/Layout
6171,1,1.0,816174,1,29.1,1464.428,1,11,1,4903.992,0.0,COLUMN,W,10 x 49,"D - Steel, Paint All",Material Handling
4973,1,1.0,905699,7,1.33,23.819,7,0,1,212.27142857142852,0.0,EMBED,PL,3/4 x 7,G - Galvanized,Material Handling
943,1219,1228.97,897644,1,15.22,55.077,3,6,1219,1633.14,-9.970000000000027,RAIL,PI,1 1/4SCH40,"D - Steel, Paint All",Fab/Layout
2473,11032,11023.4,903462,1,12.14,214.722,1,39,11032,23915.303999999996,8.600000000000364,RAIL,PI,1 1/2SCH40,"D - Steel, Paint All",Fab/Layout
2968,8,8.0,767697,1,12.36,1343.032,1,1,8,2129.2200000000003,0.0,BEAM,W,30 x 108,N - No Paint,Material Handling
5269,1682,1681.87,771268,1,14.02,280.878,1,3,1682,7845.336000000001,0.13000000000010914,COLUMN,HSS,5 x 5 x 0.313,"D - Steel, Paint All",Fab/Layout
3610,0,0.0,769125,1,0.94,37.717,1,1,0,352.04399999999964,0.0,BENT PLATE,PL,3/8 x 11 1/4,N - No Paint,Material Handling
6280,9,9.0,794789,1,38.25,1286.168,1,3,9,14806.511999999999,0.0,BEAM,W,10 x 33,"D - Steel, Paint All",Material Handling
2414,140,140.54,899253,16,0.17,11.495,16,1,140,1494.6614999999997,-0.539999999999992,BOLLARD,PI,8SCH40,G - Galvanized,Fab/Layout
3594,198,197.14,769101,1,1.22,44.875,1,1,198,655.884,0.8600000000000136,BENT PLATE,PL,3/8 x 12 1/4,N - No Paint,Weld
1058,3,3.0,899391,1,15.35,499.834,7,2,3,3405.707999999998,0.0,BEAM,W,14 x 22,"D - Steel, Paint All",Material Handling
2982,2825,2829.23,767709,1,33.16,3017.241,1,5,2825,7690.7880000000005,-4.230000000000018,BEAM,W,30 x 90,N - No Paint,Fab/Layout
7368,2696,2691.92,868657,1,11.08,125.442,8,10,2696,803.7202500000001,4.079999999999927,CHANNEL,C,4 x 5.4,N - No Paint,Weld
3377,9,9.0,768616,1,1.43,38.035,1,3,9,1203.228,0.0,COLUMN,HSS,4 x 4 x 0.25,GF - Fabrication Req'd After Galvanizing,Weld
5096,1367,1365.06,902952,1,13.67,186.099,1,49,1367,1140.426,1.9400000000000546,RAIL,PI,1 1/4SCH40,"D - Steel, Paint All",Material Handling
3317,9833,9775.19,768212,1,42.41,5444.303,1,16,9833,54371.628,57.80999999999949,BEAM,W,30 x 124,N - No Paint,Fab/Layout
6130,0,0.0,810508,1,17.52,317.229,1,1,0,2235.852,0.0,PLATE,PL,3/8 x 7 1/8,G - Galvanized,Material Handling
4955,1,1.0,905699,1,1.33,23.819,7,0,1,212.27142857142852,0.0,EMBED,PL,3/4 x 7,G - Galvanized,Material Handling
3691,377,374.87,769220,1,0.93,17.934,1,1,377,993.6000000000001,2.1299999999999955,BENT PLATE,PL,3/8 x 9 1/4,N - No Paint,Weld
822,203,203.04,897438,3,1.55,16.847,3,1,203,1125.7439999999997,-0.03999999999999204,ANGLE,L,6 x 4 x 5/16,"D - Steel, Paint All",Fab/Layout
3103,11439,11394.36,767887,1,29.07,3170.502,1,4,11439,6429.744000000001,44.63999999999942,BEAM,W,30 x 108,N - No Paint,Weld
3743,657,655.62,769248,1,10.0,299.747,1,6,657,1320.012,1.3799999999999955,BENT PLATE,PL,3/8 x 21 5/8,N - No Paint,Fab/Layout
952,1459,1450.38,897648,1,14.1,52.546,1,6,1459,3132.432,8.61999999999989,RAIL,PI,1 1/4SCH40,"D - Steel, Paint All",Fab/Layout
720,4126,4139.08,792805,1,15.42,496.171,1,6,4126,110680.12800000001,-13.079999999999927,BEAM,W,14 x 22,"D - Steel, Paint All",Fab/Layout
6508,33330,32582.53,796988,1,29.93,6915.096,1,58,33330,287311.9679999999,747.4700000000012,COLUMN,W,14 x 68,"DS - Special Case/Steel, Paint All",Weld
5941,317,315.52,803078,1,7.84,123.801,1,1,317,289.97999999999996,1.4800000000000182,BENT PLATE,PL,1/4 x 18 1/2,"B - Steel, No Paint Wide Flange Beam Tops",Weld
3346,658,657.85,768471,1,38.38,6562.458,1,7,658,20073.312,0.14999999999997726,COLUMN,W,14 x 159,N - No Paint,Fab/Layout
3890,7,7.0,769331,1,1.35,69.841,1,3,7,697.392,0.0,BENT PLATE,PL,3/8 x 15 3/4    §,N - No Paint,Material Handling
3263,3009,3009.63,768167,5,10.0,110.648,8,6,3009,4338.846,-0.6300000000001091,BENT PLATE,PL,3/8 x 11 1/4,N - No Paint,Fab/Layout
480,2522,2522.58,902957,1,6.33,36.769,1,5,2522,319.716,-0.5799999999999272,PIPE,PI,1 1/4SCH40,"D - Steel, Paint All",Weld
2483,13,13.03,903493,1,4.95,79.486,1,16,13,3350.52,-0.02999999999999936,RAIL,PI,1 1/2SCH40,"D - Steel, Paint All",Material Handling
5151,2286,2288.84,770439,1,21.55,835.783,1,4,2286,1913.112,-2.8400000000001455,BEAM,W,16 x 26,"B - Steel, No Paint Wide Flange Beam Tops",Weld
1970,7,7.0,705812,630,0.83,24.263,694,1,7,215.95726722847897,0.0,ANGLE,L,6 x 6 x 5/8,"D - Steel, Paint All",Material Handling
746,167,166.04,866813,2,0.58,8.612,4,1,167,1766.4840000000002,0.960000000000008,PLATE,PL,1/2 x 7,"B - Steel, No Paint Wide Flange Beam Tops",Fab/Layout
3611,281,280.5,769125,1,0.94,37.717,1,1,281,502.41599999999994,0.5,BENT PLATE,PL,3/8 x 11 1/4,N - No Paint,Weld
2083,289,290.03,705812,668,0.83,24.263,694,1,289,1506.595534088269,-1.0299999999999727,ANGLE,L,6 x 6 x 5/8,"D - Steel, Paint All",Fab/Layout
2376,2,2.0,899253,3,0.17,11.495,16,1,2,1072.4985,0.0,BOLLARD,PI,8SCH40,G - Galvanized,Material Handling
3272,15,14.98,768167,8,10.0,110.648,8,6,15,2169.423,0.019999999999999574,BENT PLATE,PL,3/8 x 11 1/4,N - No Paint,Fab/Layout
4285,3398,3392.89,782972,1,7.75,120.013,1,7,3398,24021.36,5.110000000000127,ANGLE,L,5 x 3 1/2 x 1/4,N - No Paint,Fab/Layout
3200,3,3.0,768080,1,33.36,892.522,1,6,3,3854.16,0.0,BEAM,W,16 x 26,N - No Paint,Material Handling
5125,624,623.96,770117,1,25.45,559.969,1,2,624,2611.8720000000003,0.03999999999996362,BEAM,W,14 x 22,"D - Steel, Paint All",Weld
492,4191,4207.13,902991,1,9.95,87.218,1,9,4191,2647.152,-16.13000000000011,RAIL,PI,1 1/4SCH40,"D - Steel, Paint All",Weld
2897,1535,1520.25,767637,1,33.99,1495.542,2,0,1535,3600.0,14.75,BEAM,W,21 x 44,N - No Paint,Beam Cambering
4239,3230,3228.36,776432,1,28.28,1450.809,1,8,3230,8920.836000000001,1.6399999999998727,BEAM,W,24 x 55,N - No Paint,Peddi Assembler
3615,3125,3145.15,769129,1,6.58,112.935,1,6,3125,9315.288,-20.15000000000009,BENT PLATE,PL,3/8 x 10 3/4    §,N - No Paint,Fab/Layout
3050,59098,58434.13,767793,1,27.82,6348.029,1,54,59098,757351.9440000004,663.8700000000026,BEAM,W,10 x 77,N - No Paint,Fab/Layout
2033,0,0.0,705812,651,0.83,24.263,694,1,0,215.95726722847897,0.0,ANGLE,L,6 x 6 x 5/8,"D - Steel, Paint All",Material Handling
2068,3,3.0,705812,663,0.83,24.263,694,1,3,1506.595534088269,0.0,ANGLE,L,6 x 6 x 5/8,"D - Steel, Paint All",Fab/Layout
2959,3662,3657.89,767690,1,10.99,1202.188,1,2,3662,10657.656,4.110000000000127,BEAM,W,30 x 108,N - No Paint,Fab/Layout
6335,79,78.69,795128,1,38.25,3653.525,1,20,79,48632.39999999999,0.3100000000000023,BEAM,W,18 x 35,"D - Steel, Paint All",Material Handling
2446,2539,2547.32,903415,1,4.39,108.524,1,4,2539,14493.816,-8.320000000000164,CHANNEL,C,12 x 20.7,"D - Steel, Paint All",Fab/Layout
2675,463119,178735.7,751409,1,40.0,41819.617,1,51,463119,5500865.520000003,284383.3,CRANE GIRDER,PL,1/4 x 1,"BS - Special Case/Steel, No Paint Beam Tops",Fab/Layout
2108,0,0.0,705812,676,0.83,24.263,694,1,0,215.95726722847897,0.0,ANGLE,L,6 x 6 x 5/8,"D - Steel, Paint All",Material Handling
2744,1384,1394.19,767379,2,6.76,75.093,2,4,1384,3212.01,-10.190000000000055,ANGLE,L,5 x 3 x 1/4,N - No Paint,Fab/Layout
3983,1,1.0,769465,2,16.88,313.341,4,4,1,2660.4000000000005,0.0,TUBE STEEL,HSS,4 x 4 x 0.375,N - No Paint,Material Handling
859,405,406.41,897476,1,9.46,746.53,1,10,405,7721.243999999998,-1.410000000000025,CHANNEL,MC,12 x 14.3,"D - Steel, Paint All",Material Handling
5933,3295,3274.13,803061,1,19.86,428.918,1,6,3295,32251.823999999993,20.86999999999989,PLATE,FB,1/4 x 6,"D - Steel, Paint All",Fab/Layout
3255,3,3.0,768167,2,10.0,110.648,8,6,3,767.4209999999999,0.0,BENT PLATE,PL,3/8 x 11 1/4,N - No Paint,Material Handling
7059,192,192.71,822678,1,12.34,209.961,1,4,192,5403.276,-0.710000000000008,CHANNEL,C,10 x 15.3,"D - Steel, Paint All",Fab/Layout
4351,9,9.0,830358,2,4.37,38.314,2,2,9,240.543,0.0,ANGLE,L,5 x 3 1/2 x 1/4,N - No Paint,Material Handling
4240,575,573.83,776437,1,28.68,1610.704,1,8,575,11905.596000000001,1.169999999999959,BEAM,W,24 x 55,N - No Paint,Material Handling
5274,947,947.73,771270,1,13.31,262.091,1,3,947,2636.28,-0.7300000000000182,COLUMN,HSS,5 x 5 x 0.313,"D - Steel, Paint All",Weld
2009,5,5.0,705812,643,0.83,24.263,694,1,5,215.95726722847897,0.0,ANGLE,L,6 x 6 x 5/8,"D - Steel, Paint All",Material Handling
2921,2685,2680.77,767651,1,33.38,3654.77,1,7,2685,20923.847999999998,4.230000000000018,BEAM,W,30 x 108,N - No Paint,Fab/Layout
5745,923,927.3,802298,1,20.41,1141.985,1,6,923,5140.404,-4.2999999999999545,BEAM,W,18 x 35,"D - Steel, Paint All",Material Handling
6380,37144,37578.04,795328,1,38.25,3653.525,1,20,37144,493055.71200000006,-434.0400000000009,BEAM,W,18 x 35,"D - Steel, Paint All",Fab/Layout
1053,15738,15617.88,898092,1,8.36,659.936,1,56,15738,118680.12000000004,120.1200000000008,STRINGER,MC,12 x 14.3,"D - Steel, Paint All",Weld
1198,35,33.86,899423,7,2.48,37.474,20,2,35,15440.543999999996,1.1400000000000006,COLUMN,HSS,6 x 3 x 0.25,"DS - Special Case/Steel, Paint All",Material Handling
499,7834,7822.81,903014,1,16.81,126.742,1,11,7834,13554.54,11.1899999999996,RAIL,PI,1 1/4SCH40,"D - Steel, Paint All",Fab/Layout
3834,1671,1673.71,769280,1,10.0,220.273,1,6,1671,357.192,-2.7100000000000364,BENT PLATE,PL,3/8 x 15 3/8,N - No Paint,Weld
2062,2,2.0,705812,661,0.83,24.263,694,1,2,1506.595534088269,0.0,ANGLE,L,6 x 6 x 5/8,"D - Steel, Paint All",Fab/Layout
1216,3,3.0,899423,13,2.48,37.474,20,2,3,1286.7119999999998,0.0,COLUMN,HSS,6 x 3 x 0.25,"DS - Special Case/Steel, Paint All",Material Handling
3249,39,39.25,768162,1,33.17,4787.731,1,4,39,4443.048,-0.25,BEAM,W,30 x 108,N - No Paint,Material Handling
2923,531,533.71,767651,1,33.38,3654.77,1,7,531,2411.172,-2.7100000000000364,BEAM,W,30 x 108,N - No Paint,Weld
4304,1,1.0,783017,1,8.56,297.376,1,5,1,665.28,0.0,BENT PLATE,PL,3/8 x 14 3/4    §,N - No Paint,Material Handling
2679,5,5.0,752298,1,33.88,19563.907,1,58,5,31263.731999999993,0.0,FRAME_COLUMN,W,14 x 211,"DS - Special Case/Steel, Paint All",Material Handling
3297,5817,5800.85,768183,1,33.14,1058.834,1,8,5817,16386.336,16.149999999999636,BEAM,W,16 x 31,N - No Paint,Fab/Layout
4499,185,185.26,903330,9,2.48,26.003,10,4,185,473.1624,-0.2599999999999909,CHANNEL,C,4 x 7.25,G - Galvanized,Weld
3402,90,89.56,768788,1,35.38,3356.251,1,10,90,18896.435999999994,0.4399999999999977,COLUMN,W,14 x 82,N - No Paint,Material Handling
2043,391,391.97,705812,654,0.83,24.263,694,1,391,448.7561219010208,-0.9700000000000273,ANGLE,L,6 x 6 x 5/8,"D - Steel, Paint All",Weld
3026,2271,2271.0,767759,1,18.76,664.089,1,2,2271,3787.0919999999996,0.0,BEAM,W,18 x 35,N - No Paint,Fab/Layout
6400,4,4.0,795360,3,12.34,171.605,10,4,4,9520.092,0.0,CHANNEL,C,10 x 15.3,"D - Steel, Paint All",Material Handling
2357,416,415.74,899251,13,6.99,201.981,16,2,416,1319.9985000000001,0.2599999999999909,BOLLARD,PI,8SCH40,G - Galvanized,Fab/Layout
1106,182,179.85,899409,3,0.13,1.119,5,1,182,109.872,2.1500000000000057,TUBE STEEL,HSS,2 x 2 x 0.25,"B - Steel, No Paint Wide Flange Beam Tops",Weld
5897,811,805.0,803005,1,16.2,385.296,1,6,811,47717.208,6.0,PLATE,FB,1/4 x 6,"D - Steel, Paint All",Fab/Layout
6146,5,5.0,815974,1,27.17,1400.0,1,6,5,7071.192,0.0,BEAM,W,21 x 50,"B - Steel, No Paint Wide Flange Beam Tops",Material Handling
3789,780,780.52,769270,1,10.0,219.853,5,5,780,1319.9976,-0.5199999999999818,BENT PLATE,PL,3/8 x 15 7/8,N - No Paint,Fab/Layout
1051,16018,15729.95,898092,1,8.36,659.936,1,56,16018,213098.22000000003,288.0499999999993,STRINGER,MC,12 x 14.3,"D - Steel, Paint All",Fab/Layout
3875,404,405.0,769319,1,9.39,191.723,1,4,404,3850.3080000000004,-1.0,BENT PLATE,PL,3/8 x 14 7/8,N - No Paint,Fab/Layout
3299,8244,8245.83,768183,1,33.14,1058.834,1,8,8244,18107.928,-1.8299999999999272,BEAM,W,16 x 31,N - No Paint,Weld
3924,1174,1177.14,769347,1,8.29,139.687,1,4,1174,2660.2560000000003,-3.1400000000001,BENT PLATE,PL,3/8 x 13 1/4,N - No Paint,Fab/Layout
589,1914,1917.51,903156,1,1.12,21.955,1,3,1914,2070.6839999999997,-3.509999999999991,RAIL,PI,1 1/4SCH40,"D - Steel, Paint All",Weld
482,13,13.03,902975,1,8.25,71.245,1,7,13,82.36800000000001,-0.02999999999999936,RAIL,PI,1 1/4SCH40,"D - Steel, Paint All",Material Handling
2024,0,0.0,705812,648,0.83,24.263,694,1,0,215.95726722847897,0.0,ANGLE,L,6 x 6 x 5/8,"D - Steel, Paint All",Material Handling
1225,3,3.0,899423,16,2.48,37.474,20,2,3,1286.7119999999998,0.0,COLUMN,HSS,6 x 3 x 0.25,"DS - Special Case/Steel, Paint All",Material Handling
3948,666,663.5,769370,1,10.0,311.776,1,9,666,1071.648,2.5,BENT PLATE,PL,3/8 x 21 3/4,N - No Paint,Weld
465,1773,1776.09,836961,1,23.08,651.271,1,8,1773,14656.607999999998,-3.089999999999918,BEAM,W,12 x 26,"DS - Special Case/Steel, Paint All",Peddi Assembler
5158,2493,2490.44,770502,1,11.32,294.667,1,4,2493,830.7719999999996,2.5599999999999454,BEAM,W,14 x 22,"D - Steel, Paint All",Weld
2910,4094,4124.35,767639,1,33.99,4309.86,1,4,4094,54806.112,-30.350000000000364,BEAM,W,30 x 124,N - No Paint,Fab/Layout
6276,18537,18586.5,794741,1,42.23,10985.762,1,9,18537,187192.296,-49.5,BEAM,W,40 x 249,"DS - Special Case/Steel, Paint All",Fab/Layout
464,286,286.79,836961,1,23.08,651.271,1,8,286,3495.6,-0.7900000000000205,BEAM,W,12 x 26,"DS - Special Case/Steel, Paint All",Material Handling
